{
  "C_at_1": 0.49630314232902034,
  "C_at_1_total": 2164,
  "C_at_1_correct": 1074,
  "C_at_1_incorrect": 1090,
  "C_at_1_unanswered": 0,
  "avg": 0.49630314232902034,
  "avg_total": 2164,
  "avg_correct": 1074,
  "avg_incorrect": 1090
}
