{
  "C_at_1": 0.555452865064695,
  "C_at_1_total": 2164,
  "C_at_1_correct": 1202,
  "C_at_1_incorrect": 962,
  "C_at_1_unanswered": 0,
  "avg": 0.555452865064695,
  "avg_total": 2164,
  "avg_correct": 1202,
  "avg_incorrect": 962
}
