{
  "C_at_1": 0.46487985212569316,
  "C_at_1_total": 2164,
  "C_at_1_correct": 1006,
  "C_at_1_incorrect": 1158,
  "C_at_1_unanswered": 0,
  "avg": 0.46487985212569316,
  "avg_total": 2164,
  "avg_correct": 1006,
  "avg_incorrect": 1158
}
