{
  "C_at_1": 0.35628465804066545,
  "C_at_1_total": 2164,
  "C_at_1_correct": 771,
  "C_at_1_incorrect": 1393,
  "C_at_1_unanswered": 0,
  "avg": 0.35628465804066545,
  "avg_total": 2164,
  "avg_correct": 771,
  "avg_incorrect": 1393
}
