{
  "C_at_1": 0.3978743068391867,
  "C_at_1_total": 2164,
  "C_at_1_correct": 861,
  "C_at_1_incorrect": 1303,
  "C_at_1_unanswered": 0,
  "avg": 0.3978743068391867,
  "avg_total": 2164,
  "avg_correct": 861,
  "avg_incorrect": 1303
}
