{
  "C_at_1": 0.4658040665434381,
  "C_at_1_total": 2164,
  "C_at_1_correct": 1008,
  "C_at_1_incorrect": 1156,
  "C_at_1_unanswered": 0,
  "avg": 0.4658040665434381,
  "avg_total": 2164,
  "avg_correct": 1008,
  "avg_incorrect": 1156
}
