{
  "C_at_1": 0.5480591497227356,
  "C_at_1_total": 2164,
  "C_at_1_correct": 1186,
  "C_at_1_incorrect": 978,
  "C_at_1_unanswered": 0,
  "avg": 0.5480591497227357,
  "avg_total": 2164,
  "avg_correct": 1186,
  "avg_incorrect": 978
}
