{
  "C_at_1": 0.5328096118299446,
  "C_at_1_total": 2164,
  "C_at_1_correct": 1153,
  "C_at_1_incorrect": 1011,
  "C_at_1_unanswered": 0,
  "avg": 0.5328096118299446,
  "avg_total": 2164,
  "avg_correct": 1153,
  "avg_incorrect": 1011
}
