{
  "C_at_1": 0.4510166358595194,
  "C_at_1_total": 2164,
  "C_at_1_correct": 976,
  "C_at_1_incorrect": 1188,
  "C_at_1_unanswered": 0,
  "avg": 0.4510166358595194,
  "avg_total": 2164,
  "avg_correct": 976,
  "avg_incorrect": 1188
}
