{
  "C_at_1": 0.4168207024029575,
  "C_at_1_total": 2164,
  "C_at_1_correct": 902,
  "C_at_1_incorrect": 1262,
  "C_at_1_unanswered": 0,
  "avg": 0.4168207024029575,
  "avg_total": 2164,
  "avg_correct": 902,
  "avg_incorrect": 1262
}
