{
  "C_at_1": 0.4542513863216266,
  "C_at_1_total": 2164,
  "C_at_1_correct": 983,
  "C_at_1_incorrect": 1181,
  "C_at_1_unanswered": 0,
  "avg": 0.4542513863216266,
  "avg_total": 2164,
  "avg_correct": 983,
  "avg_incorrect": 1181
}
