{
  "C_at_1": 0.5439001848428835,
  "C_at_1_total": 2164,
  "C_at_1_correct": 1177,
  "C_at_1_incorrect": 987,
  "C_at_1_unanswered": 0,
  "avg": 0.5439001848428835,
  "avg_total": 2164,
  "avg_correct": 1177,
  "avg_incorrect": 987
}
