{
  "C_at_1": 0.44870609981515713,
  "C_at_1_total": 2164,
  "C_at_1_correct": 971,
  "C_at_1_incorrect": 1193,
  "C_at_1_unanswered": 0,
  "avg": 0.44870609981515713,
  "avg_total": 2164,
  "avg_correct": 971,
  "avg_incorrect": 1193
}
