{
  "C_at_1": 0.5134011090573013,
  "C_at_1_total": 2164,
  "C_at_1_correct": 1111,
  "C_at_1_incorrect": 1053,
  "C_at_1_unanswered": 0,
  "avg": 0.5134011090573013,
  "avg_total": 2164,
  "avg_correct": 1111,
  "avg_incorrect": 1053
}
