{
  "C_at_1": 0.5559149722735675,
  "C_at_1_total": 2164,
  "C_at_1_correct": 1203,
  "C_at_1_incorrect": 961,
  "C_at_1_unanswered": 0,
  "avg": 0.5559149722735675,
  "avg_total": 2164,
  "avg_correct": 1203,
  "avg_incorrect": 961
}
