{
  "C_at_1": 0.5249537892791127,
  "C_at_1_total": 2164,
  "C_at_1_correct": 1136,
  "C_at_1_incorrect": 1028,
  "C_at_1_unanswered": 0,
  "avg": 0.5249537892791127,
  "avg_total": 2164,
  "avg_correct": 1136,
  "avg_incorrect": 1028
}
