{
  "C_at_1": 0.55637707948244,
  "C_at_1_total": 2164,
  "C_at_1_correct": 1204,
  "C_at_1_incorrect": 960,
  "C_at_1_unanswered": 0,
  "avg": 0.55637707948244,
  "avg_total": 2164,
  "avg_correct": 1204,
  "avg_incorrect": 960
}
