{
  "C_at_1": 0.5545286506469501,
  "C_at_1_total": 2164,
  "C_at_1_correct": 1200,
  "C_at_1_incorrect": 964,
  "C_at_1_unanswered": 0,
  "avg": 0.5545286506469501,
  "avg_total": 2164,
  "avg_correct": 1200,
  "avg_incorrect": 964
}
