{
  "C_at_1": 0.539279112754159,
  "C_at_1_total": 2164,
  "C_at_1_correct": 1167,
  "C_at_1_incorrect": 997,
  "C_at_1_unanswered": 0,
  "avg": 0.539279112754159,
  "avg_total": 2164,
  "avg_correct": 1167,
  "avg_incorrect": 997
}
