{
  "C_at_1": 0.544362292051756,
  "C_at_1_total": 2164,
  "C_at_1_correct": 1178,
  "C_at_1_incorrect": 986,
  "C_at_1_unanswered": 0,
  "avg": 0.544362292051756,
  "avg_total": 2164,
  "avg_correct": 1178,
  "avg_incorrect": 986
}
