{
  "C_at_1": 0.44824399260628467,
  "C_at_1_total": 2164,
  "C_at_1_correct": 970,
  "C_at_1_incorrect": 1194,
  "C_at_1_unanswered": 0,
  "avg": 0.44824399260628467,
  "avg_total": 2164,
  "avg_correct": 970,
  "avg_incorrect": 1194
}
