{
  "C_at_1": 0.3438077634011091,
  "C_at_1_total": 2164,
  "C_at_1_correct": 744,
  "C_at_1_incorrect": 1420,
  "C_at_1_unanswered": 0,
  "avg": 0.3438077634011091,
  "avg_total": 2164,
  "avg_correct": 744,
  "avg_incorrect": 1420
}
