{
  "C_at_1": 0.3932532347504621,
  "C_at_1_total": 2164,
  "C_at_1_correct": 851,
  "C_at_1_incorrect": 1313,
  "C_at_1_unanswered": 0,
  "avg": 0.3932532347504621,
  "avg_total": 2164,
  "avg_correct": 851,
  "avg_incorrect": 1313
}
