{
  "C_at_1": 0.5406654343807763,
  "C_at_1_total": 2164,
  "C_at_1_correct": 1170,
  "C_at_1_incorrect": 994,
  "C_at_1_unanswered": 0,
  "avg": 0.5406654343807763,
  "avg_total": 2164,
  "avg_correct": 1170,
  "avg_incorrect": 994
}
