{
  "C_at_1": 0.3974121996303142,
  "C_at_1_total": 2164,
  "C_at_1_correct": 860,
  "C_at_1_incorrect": 1304,
  "C_at_1_unanswered": 0,
  "avg": 0.3974121996303142,
  "avg_total": 2164,
  "avg_correct": 860,
  "avg_incorrect": 1304
}
