{
  "C_at_1": 0.5573012939001848,
  "C_at_1_total": 2164,
  "C_at_1_correct": 1206,
  "C_at_1_incorrect": 958,
  "C_at_1_unanswered": 0,
  "avg": 0.5573012939001848,
  "avg_total": 2164,
  "avg_correct": 1206,
  "avg_incorrect": 958
}
