{
  "C_at_1": 0.512014787430684,
  "C_at_1_total": 2164,
  "C_at_1_correct": 1108,
  "C_at_1_incorrect": 1056,
  "C_at_1_unanswered": 0,
  "avg": 0.512014787430684,
  "avg_total": 2164,
  "avg_correct": 1108,
  "avg_incorrect": 1056
}
