{
  "C_at_1": 0.6095194085027726,
  "C_at_1_total": 2164,
  "C_at_1_correct": 1319,
  "C_at_1_incorrect": 845,
  "C_at_1_unanswered": 0,
  "avg": 0.6095194085027726,
  "avg_total": 2164,
  "avg_correct": 1319,
  "avg_incorrect": 845
}
