{"mlp_question_endings": {"C_at_1": 0.6482504604051565, "C_at_1_total": 4887, "C_at_1_correct": 3168, "C_at_1_incorrect": 1719, "C_at_1_unanswered": 0, "avg": 0.6482504604051565, "avg_total": 4887, "avg_correct": 3168, "avg_incorrect": 1719}, "mlp_question": {"C_at_1": 0.6482504604051565, "C_at_1_total": 4887, "C_at_1_correct": 3168, "C_at_1_incorrect": 1719, "C_at_1_unanswered": 0, "avg": 0.6482504604051565, "avg_total": 4887, "avg_correct": 3168, "avg_incorrect": 1719}, "mlp_logits_question_endings": {"C_at_1": 0.6691157126713405, "C_at_1_total": 4887, "C_at_1_correct": 3022, "C_at_1_incorrect": 1464, "C_at_1_unanswered": 401, "avg": 0.6183752813587068, "avg_total": 4887, "avg_correct": 3022, "avg_incorrect": 1865}, "mlp_logits_question": {"C_at_1": 0.6747901803178685, "C_at_1_total": 4887, "C_at_1_correct": 3014, "C_at_1_incorrect": 1413, "C_at_1_unanswered": 460, "avg": 0.6167382852465726, "avg_total": 4887, "avg_correct": 3014, "avg_incorrect": 1873}, "mlp_logits_endings": {"C_at_1": 0.6650083162467468, "C_at_1_total": 4887, "C_at_1_correct": 3072, "C_at_1_incorrect": 1532, "C_at_1_unanswered": 283, "avg": 0.6286065070595457, "avg_total": 4887, "avg_correct": 3072, "avg_incorrect": 1815}, "mlp_logits_contexts_question_endings": {"C_at_1": 0.6482504604051565, "C_at_1_total": 4887, "C_at_1_correct": 3168, "C_at_1_incorrect": 1719, "C_at_1_unanswered": 0, "avg": 0.6482504604051565, "avg_total": 4887, "avg_correct": 3168, "avg_incorrect": 1719}, "mlp_logits_contexts_question": {"C_at_1": 0.6482504604051565, "C_at_1_total": 4887, "C_at_1_correct": 3168, "C_at_1_incorrect": 1719, "C_at_1_unanswered": 0, "avg": 0.6482504604051565, "avg_total": 4887, "avg_correct": 3168, "avg_incorrect": 1719}, "mlp_logits_contexts_endings": {"C_at_1": 0.6483831083405781, "C_at_1_total": 4887, "C_at_1_correct": 3168, "C_at_1_incorrect": 1718, "C_at_1_unanswered": 1, "avg": 0.6482504604051565, "avg_total": 4887, "avg_correct": 3168, "avg_incorrect": 1719}, "mlp_logits_contexts": {"C_at_1": 0.6482504604051565, "C_at_1_total": 4887, "C_at_1_correct": 3168, "C_at_1_incorrect": 1719, "C_at_1_unanswered": 0, "avg": 0.6482504604051565, "avg_total": 4887, "avg_correct": 3168, "avg_incorrect": 1719}, "mlp_logits": {"C_at_1": 0.6710208100241642, "C_at_1_total": 4887, "C_at_1_correct": 3045, "C_at_1_incorrect": 1466, "C_at_1_unanswered": 376, "avg": 0.6230816451810927, "avg_total": 4887, "avg_correct": 3045, "avg_incorrect": 1842}, "mlp_endings": {"C_at_1": 0.6481784419553696, "C_at_1_total": 4887, "C_at_1_correct": 3167, "C_at_1_incorrect": 1719, "C_at_1_unanswered": 1, "avg": 0.6480458358911397, "avg_total": 4887, "avg_correct": 3167, "avg_incorrect": 1720}, "mlp_embeddings_question_endings": {"C_at_1": 0.6497661975460216, "C_at_1_total": 4887, "C_at_1_correct": 3062, "C_at_1_incorrect": 1644, "C_at_1_unanswered": 181, "avg": 0.626560261919378, "avg_total": 4887, "avg_correct": 3062, "avg_incorrect": 1825}, "mlp_embeddings_question": {"C_at_1": 0.6546443588681028, "C_at_1_total": 4887, "C_at_1_correct": 3040, "C_at_1_incorrect": 1591, "C_at_1_unanswered": 256, "avg": 0.6220585226110088, "avg_total": 4887, "avg_correct": 3040, "avg_incorrect": 1847}, "mlp_embeddings_logits_question_endings": {"C_at_1": 0.6528040362488956, "C_at_1_total": 4887, "C_at_1_correct": 2924, "C_at_1_incorrect": 1518, "C_at_1_unanswered": 445, "avg": 0.5983220789850624, "avg_total": 4887, "avg_correct": 2924, "avg_incorrect": 1963}, "mlp_embeddings_logits_question": {"C_at_1": 0.6523413177090144, "C_at_1_total": 4887, "C_at_1_correct": 2967, "C_at_1_incorrect": 1556, "C_at_1_unanswered": 364, "avg": 0.6071209330877839, "avg_total": 4887, "avg_correct": 2967, "avg_incorrect": 1920}, "mlp_embeddings_logits_endings": {"C_at_1": 0.6511355530005755, "C_at_1_total": 4887, "C_at_1_correct": 2904, "C_at_1_incorrect": 1515, "C_at_1_unanswered": 468, "avg": 0.5942295887047269, "avg_total": 4887, "avg_correct": 2904, "avg_incorrect": 1983}, "mlp_embeddings_logits_contexts_question_endings": {"C_at_1": 0.6518317871767716, "C_at_1_total": 4887, "C_at_1_correct": 3121, "C_at_1_incorrect": 1665, "C_at_1_unanswered": 101, "avg": 0.6386331082463679, "avg_total": 4887, "avg_correct": 3121, "avg_incorrect": 1766}, "mlp_embeddings_logits_contexts_question": {"C_at_1": 0.6551522982950595, "C_at_1_total": 4887, "C_at_1_correct": 3099, "C_at_1_incorrect": 1626, "C_at_1_unanswered": 162, "avg": 0.6341313689379988, "avg_total": 4887, "avg_correct": 3099, "avg_incorrect": 1788}, "mlp_embeddings_logits_contexts_endings": {"C_at_1": 0.6537596205867083, "C_at_1_total": 4887, "C_at_1_correct": 3030, "C_at_1_incorrect": 1591, "C_at_1_unanswered": 266, "avg": 0.620012277470841, "avg_total": 4887, "avg_correct": 3030, "avg_incorrect": 1857}, "mlp_embeddings_logits_contexts": {"C_at_1": 0.653217137426569, "C_at_1_total": 4887, "C_at_1_correct": 3122, "C_at_1_incorrect": 1655, "C_at_1_unanswered": 110, "avg": 0.6388377327603847, "avg_total": 4887, "avg_correct": 3122, "avg_incorrect": 1765}, "mlp_embeddings_logits": {"C_at_1": 0.6675848181590669, "C_at_1_total": 4887, "C_at_1_correct": 2926, "C_at_1_incorrect": 1399, "C_at_1_unanswered": 562, "avg": 0.5987313280130959, "avg_total": 4887, "avg_correct": 2926, "avg_incorrect": 1961}, "mlp_embeddings_endings": {"C_at_1": 0.6529396151677388, "C_at_1_total": 4887, "C_at_1_correct": 3018, "C_at_1_incorrect": 1589, "C_at_1_unanswered": 280, "avg": 0.6175567833026396, "avg_total": 4887, "avg_correct": 3018, "avg_incorrect": 1869}, "mlp_embeddings_contexts_question_endings": {"C_at_1": 0.6521967364839479, "C_at_1_total": 4887, "C_at_1_correct": 3124, "C_at_1_incorrect": 1664, "C_at_1_unanswered": 99, "avg": 0.6392469817884182, "avg_total": 4887, "avg_correct": 3124, "avg_incorrect": 1763}, "mlp_embeddings_contexts_question": {"C_at_1": 0.6531359910569834, "C_at_1_total": 4887, "C_at_1_correct": 3116, "C_at_1_incorrect": 1652, "C_at_1_unanswered": 119, "avg": 0.637609985676284, "avg_total": 4887, "avg_correct": 3116, "avg_incorrect": 1771}, "mlp_embeddings_contexts_endings": {"C_at_1": 0.6512033843311887, "C_at_1_total": 4887, "C_at_1_correct": 3123, "C_at_1_incorrect": 1671, "C_at_1_unanswered": 93, "avg": 0.6390423572744015, "avg_total": 4887, "avg_correct": 3123, "avg_incorrect": 1764}, "mlp_embeddings_contexts": {"C_at_1": 0.6507481607346284, "C_at_1_total": 4887, "C_at_1_correct": 3141, "C_at_1_incorrect": 1685, "C_at_1_unanswered": 61, "avg": 0.6427255985267035, "avg_total": 4887, "avg_correct": 3141, "avg_incorrect": 1746}, "mlp_embeddings": {"C_at_1": 0.6635395585830102, "C_at_1_total": 4887, "C_at_1_correct": 3026, "C_at_1_incorrect": 1511, "C_at_1_unanswered": 350, "avg": 0.6191937794147739, "avg_total": 4887, "avg_correct": 3026, "avg_incorrect": 1861}, "mlp_contexts_question_endings": {"C_at_1": 0.6483831083405781, "C_at_1_total": 4887, "C_at_1_correct": 3168, "C_at_1_incorrect": 1718, "C_at_1_unanswered": 1, "avg": 0.6482504604051565, "avg_total": 4887, "avg_correct": 3168, "avg_incorrect": 1719}, "mlp_contexts_question": {"C_at_1": 0.6482504604051565, "C_at_1_total": 4887, "C_at_1_correct": 3168, "C_at_1_incorrect": 1719, "C_at_1_unanswered": 0, "avg": 0.6482504604051565, "avg_total": 4887, "avg_correct": 3168, "avg_incorrect": 1719}, "mlp_contexts_endings": {"C_at_1": 0.6482504604051565, "C_at_1_total": 4887, "C_at_1_correct": 3168, "C_at_1_incorrect": 1719, "C_at_1_unanswered": 0, "avg": 0.6482504604051565, "avg_total": 4887, "avg_correct": 3168, "avg_incorrect": 1719}, "mlp_contexts": {"C_at_1": 0.6482504604051565, "C_at_1_total": 4887, "C_at_1_correct": 3168, "C_at_1_incorrect": 1719, "C_at_1_unanswered": 0, "avg": 0.6482504604051565, "avg_total": 4887, "avg_correct": 3168, "avg_incorrect": 1719}, "logreg_question_endings": {"C_at_1": 0.6482504604051565, "C_at_1_total": 4887, "C_at_1_correct": 3168, "C_at_1_incorrect": 1719, "C_at_1_unanswered": 0, "avg": 0.6482504604051565, "avg_total": 4887, "avg_correct": 3168, "avg_incorrect": 1719},