{"mlp_question_endings": {"avg": 0.6482504604051565, "avg_total": 4887, "avg_correct": 3168, "avg_incorrect": 1719}, "mlp_question": {"avg": 0.6482504604051565, "avg_total": 4887, "avg_correct": 3168, "avg_incorrect": 1719}, "mlp_logits_question_endings": {"avg": 0.6482504604051565, "avg_total": 4887, "avg_correct": 3168, "avg_incorrect": 1719}, "mlp_logits_question": {"avg": 0.6482504604051565, "avg_total": 4887, "avg_correct": 3168, "avg_incorrect": 1719}, "mlp_logits_endings": {"avg": 0.6482504604051565, "avg_total": 4887, "avg_correct": 3168, "avg_incorrect": 1719}, "mlp_logits_contexts_question_endings": {"avg": 0.6482504604051565, "avg_total": 4887, "avg_correct": 3168, "avg_incorrect": 1719}, "mlp_logits_contexts_question": {"avg": 0.6482504604051565, "avg_total": 4887, "avg_correct": 3168, "avg_incorrect": 1719}, "mlp_logits_contexts_endings": {"avg": 0.6482504604051565, "avg_total": 4887, "avg_correct": 3168, "avg_incorrect": 1719}, "mlp_logits_contexts": {"avg": 0.6482504604051565, "avg_total": 4887, "avg_correct": 3168, "avg_incorrect": 1719}, "mlp_logits": {"avg": 0.6482504604051565, "avg_total": 4887, "avg_correct": 3168, "avg_incorrect": 1719}, "mlp_endings": {"avg": 0.6482504604051565, "avg_total": 4887, "avg_correct": 3168, "avg_incorrect": 1719}, "mlp_embeddings_question_endings": {"avg": 0.6482504604051565, "avg_total": 4887, "avg_correct": 3168, "avg_incorrect": 1719}, "mlp_embeddings_question": {"avg": 0.6482504604051565, "avg_total": 4887, "avg_correct": 3168, "avg_incorrect": 1719}, "mlp_embeddings_logits_question_endings": {"avg": 0.6482504604051565, "avg_total": 4887, "avg_correct": 3168, "avg_incorrect": 1719}, "mlp_embeddings_logits_question": {"avg": 0.6482504604051565, "avg_total": 4887, "avg_correct": 3168, "avg_incorrect": 1719}, "mlp_embeddings_logits_endings": {"avg": 0.6482504604051565, "avg_total": 4887, "avg_correct": 3168, "avg_incorrect": 1719}, "mlp_embeddings_logits_contexts_question_endings": {"avg": 0.6482504604051565, "avg_total": 4887, "avg_correct": 3168, "avg_incorrect": 1719}, "mlp_embeddings_logits_contexts_question": {"avg": 0.6482504604051565, "avg_total": 4887, "avg_correct": 3168, "avg_incorrect": 1719}, "mlp_embeddings_logits_contexts_endings": {"avg": 0.6482504604051565, "avg_total": 4887, "avg_correct": 3168, "avg_incorrect": 1719}, "mlp_embeddings_logits_contexts": {"avg": 0.6482504604051565, "avg_total": 4887, "avg_correct": 3168, "avg_incorrect": 1719}, "mlp_embeddings_logits": {"avg": 0.6482504604051565, "avg_total": 4887, "avg_correct": 3168, "avg_incorrect": 1719}, "mlp_embeddings_endings": {"avg": 0.6482504604051565, "avg_total": 4887, "avg_correct": 3168, "avg_incorrect": 1719}, "mlp_embeddings_contexts_question_endings": {"avg": 0.6482504604051565, "avg_total": 4887, "avg_correct": 3168, "avg_incorrect": 1719}, "mlp_embeddings_contexts_question": {"avg": 0.6482504604051565, "avg_total": 4887, "avg_correct": 3168, "avg_incorrect": 1719}, "mlp_embeddings_contexts_endings": {"avg": 0.6482504604051565, "avg_total": 4887, "avg_correct": 3168, "avg_incorrect": 1719}, "mlp_embeddings_contexts": {"avg": 0.6482504604051565, "avg_total": 4887, "avg_correct": 3168, "avg_incorrect": 1719}, "mlp_embeddings": {"avg": 0.6482504604051565, "avg_total": 4887, "avg_correct": 3168, "avg_incorrect": 1719}, "mlp_contexts_question_endings": {"avg": 0.6482504604051565, "avg_total": 4887, "avg_correct": 3168, "avg_incorrect": 1719}, "mlp_contexts_question": {"avg": 0.6482504604051565, "avg_total": 4887, "avg_correct": 3168, "avg_incorrect": 1719}, "mlp_contexts_endings": {"avg": 0.6482504604051565, "avg_total": 4887, "avg_correct": 3168, "avg_incorrect": 1719}, "mlp_contexts": {"avg": 0.6482504604051565, "avg_total": 4887, "avg_correct": 3168, "avg_incorrect": 1719}, "logreg_question_endings": {"avg": 0.6482504604051565, "avg_total": 4887, "avg_correct": 3168, "avg_incorrect": 1719}, "logreg_logits_question_endings": {"avg": 0.6482504604051565, "avg_total": 4887, "avg_correct": 3168, "avg_incorrect": 1719}, "logreg_logits_question": {"avg": 0.6482504604051565, "avg_total": 4887, "avg_correct": 3168, "avg_incorrect": 1719}, "logreg_logits_endings": {"avg": 0.6482504604051565, "avg_total": 4887, "avg_correct": 3168, "avg_incorrect": 1719}, "logreg_logits_contexts_question_endings": {"avg": 0.6482504604051565, "avg_total": 4887, "avg_correct": 3168, "avg_incorrect": 1719}, "logreg_logits_contexts_question": {"avg": 0.6482504604051565, "avg_total": 4887, "avg_correct": 3168, "avg_incorrect": 1719}, "logreg_logits_contexts_endings": {"avg": 0.6482504604051565, "avg_total": 4887, "avg_correct": 3168, "avg_incorrect": 1719}, "logreg_logits_contexts": {"avg": 0.6482504604051565, "avg_total": 4887, "avg_correct": 3168, "avg_incorrect": 1719}, "logreg_logits": {"avg": 0.6482504604051565, "avg_total": 4887, "avg_correct": 3168, "avg_incorrect": 1719}, "logreg_endings": {"avg": 0.6482504604051565, "avg_total": 4887, "avg_correct": 3168, "avg_incorrect": 1719}, "logreg_embeddings_question_endings": {"avg": 0.6482504604051565, "avg_total": 4887, "avg_correct": 3168, "avg_incorrect": 1719}, "logreg_embeddings_question": {"avg": 0.6482504604051565, "avg_total": 4887, "avg_correct": 3168, "avg_incorrect": 1719}, "logreg_embeddings_logits_question_endings": {"avg": 0.6482504604051565, "avg_total": 4887, "avg_correct": 3168, "avg_incorrect": 1719}, "logreg_embeddings_logits_question": {"avg": 0.6482504604051565, "avg_total": 4887, "avg_correct": 3168, "avg_incorrect": 1719}, "logreg_embeddings_logits_endings": {"avg": 0.6482504604051565, "avg_total": 4887, "avg_correct": 3168, "avg_incorrect": 1719}, "logreg_embeddings_logits_contexts_question_endings": {"avg": 0.6482504604051565, "avg_total": 4887, "avg_correct": 3168, "avg_incorrect": 1719}, "logreg_embeddings_logits_contexts_question": {"avg": 0.6482504604051565, "avg_total": 4887, "avg_correct": 3168, "avg_incorrect": 1719}, "logreg_embeddings_logits_contexts_endings": {"avg": 0.6482504604051565, "avg_total": 4887, "avg_correct": 3168, "avg_incorrect": 1719}, "logreg_embeddings_logits_contexts": {"avg": 0.6482504604051565, "avg_total": 4887, "avg_correct": 3168, "avg_incorrect": 1719}, "logreg_embeddings_logits": {"avg": 0.6482504604051565, "avg_total": 4887, "avg_correct": 3168, "avg_incorrect": 1719}, "logreg_embeddings_endings": {"avg": 0.6482504604051565, "avg_total": 4887, "avg_correct": 3168, "avg_incorrect": 1719}, "logreg_embeddings_contexts_question_endings": {"avg": 0.6482504604051565, "avg_total": 4887, "avg_correct": 3168, "avg_incorrect": 1719}, "logreg_embeddings_contexts_question": {"avg": 0.6482504604051565, "avg_total": 4887, "avg_correct": 3168, "avg_incorrect": 1719}, "logreg_embeddings_contexts_endings": {"avg": 0.6482504604051565, "avg_total": 4887, "avg_correct": 3168, "avg_incorrect": 1719}, "logreg_embeddings_contexts": {"avg": 0.6482504604051565, "avg_total": 4887, "avg_correct": 3168, "avg_incorrect": 1719}, "logreg_embeddings": {"avg": 0.6482504604051565, "avg_total": 4887, "avg_correct": 3168, "avg_incorrect": 1719}, "logreg_contexts_question_endings": {"avg": 0.6482504604051565, "avg_total": 4887, "avg_correct": 3168, "avg_incorrect": 1719}, "logreg_contexts_question": {"avg": 0.6482504604051565, "avg_total": 4887, "avg_correct": 3168, "avg_incorrect": 1719}, "logreg_contexts_endings": {"avg": 0.6482504604051565, "avg_total": 4887, "avg_correct": 3168, "avg_incorrect": 1719}, "logreg_contexts": {"avg": 0.6482504604051565, "avg_total": 4887, "avg_correct": 3168, "avg_incorrect": 1719}}