{"mlp_logits_question": {"C_at_1": 0.6747901803178685, "C_at_1_total": 4887, "C_at_1_correct": 3014, "C_at_1_incorrect": 1413, "C_at_1_unanswered": 460}, "mlp_logits": {"C_at_1": 0.6710208100241642, "C_at_1_total": 4887, "C_at_1_correct": 3045, "C_at_1_incorrect": 1466, "C_at_1_unanswered": 376}, "mlp_logits_question_endings": {"C_at_1": 0.6691157126713405, "C_at_1_total": 4887, "C_at_1_correct": 3022, "C_at_1_incorrect": 1464, "C_at_1_unanswered": 401}}
