{"mlp_logits_question_endings": {"avg": 0.6482504604051565, "avg_total": 4887, "avg_correct": 3168, "avg_incorrect": 1719}, "mlp_logits_question": {"avg": 0.6482504604051565, "avg_total": 4887, "avg_correct": 3168, "avg_incorrect": 1719}, "mlp_logits": {"avg": 0.6482504604051565, "avg_total": 4887, "avg_correct": 3168, "avg_incorrect": 1719}}
