{"logreg_contexts": {"avg": 0.6482504604051565, "avg_total": 4887, "avg_correct": 3168, "avg_incorrect": 1719}, "mlp_contexts_endings": {"avg": 0.6482504604051565, "avg_total": 4887, "avg_correct": 3168, "avg_incorrect": 1719}, "mlp_contexts_question_endings": {"avg": 0.6482504604051565, "avg_total": 4887, "avg_correct": 3168, "avg_incorrect": 1719}}
