{"mlp_logits": {"C_at_1": 0.5654928061609739, "C_at_1_total": 2164, "C_at_1_correct": 1178, "C_at_1_incorrect": 902, "C_at_1_unanswered": 84}, "mlp_logits_endings": {"C_at_1": 0.5648459841943959, "C_at_1_total": 2164, "C_at_1_correct": 1173, "C_at_1_incorrect": 900, "C_at_1_unanswered": 91}, "mlp_logits_question": {"C_at_1": 0.5635726268531268, "C_at_1_total": 2164, "C_at_1_correct": 1174, "C_at_1_incorrect": 906, "C_at_1_unanswered": 84}}
