{
  "C_at_1": 0.6187615526802218,
  "C_at_1_total": 2164,
  "C_at_1_correct": 1339,
  "C_at_1_incorrect": 825,
  "C_at_1_unanswered": 0,
  "avg": 0.6187615526802218,
  "avg_total": 2164,
  "avg_correct": 1339,
  "avg_incorrect": 825
}
