{
  "C_at_1": 0.5648459841943959,
  "C_at_1_total": 2164,
  "C_at_1_correct": 1173,
  "C_at_1_incorrect": 900,
  "C_at_1_unanswered": 91,
  "avg": 0.5420517560073937,
  "avg_total": 2164,
  "avg_correct": 1173,
  "avg_incorrect": 991
}
