{
  "C_at_1": 0.5568912912010004,
  "C_at_1_total": 2164,
  "C_at_1_correct": 1204,
  "C_at_1_incorrect": 958,
  "C_at_1_unanswered": 2,
  "avg": 0.55637707948244,
  "avg_total": 2164,
  "avg_correct": 1204,
  "avg_incorrect": 960
}
