{
  "C_at_1": 0.5544979004445113,
  "C_at_1_total": 2164,
  "C_at_1_correct": 1151,
  "C_at_1_incorrect": 921,
  "C_at_1_unanswered": 92,
  "avg": 0.5318853974121996,
  "avg_total": 2164,
  "avg_correct": 1151,
  "avg_incorrect": 1013
}
