{
  "C_at_1": 0.5540665434380776,
  "C_at_1_total": 2164,
  "C_at_1_correct": 1199,
  "C_at_1_incorrect": 965,
  "C_at_1_unanswered": 0,
  "avg": 0.5540665434380776,
  "avg_total": 2164,
  "avg_correct": 1199,
  "avg_incorrect": 965
}
