{
  "C_at_1": 0.5166358595194085,
  "C_at_1_total": 2164,
  "C_at_1_correct": 1118,
  "C_at_1_incorrect": 1046,
  "C_at_1_unanswered": 0,
  "avg": 0.5166358595194085,
  "avg_total": 2164,
  "avg_correct": 1118,
  "avg_incorrect": 1046
}
