{
  "C_at_1": 0.5530801879862375,
  "C_at_1_total": 2164,
  "C_at_1_correct": 1097,
  "C_at_1_incorrect": 870,
  "C_at_1_unanswered": 197,
  "avg": 0.5069316081330869,
  "avg_total": 2164,
  "avg_correct": 1097,
  "avg_incorrect": 1067
}
