{
  "C_at_1": 0.5534019973964829,
  "C_at_1_total": 2164,
  "C_at_1_correct": 1118,
  "C_at_1_incorrect": 892,
  "C_at_1_unanswered": 154,
  "avg": 0.5166358595194085,
  "avg_total": 2164,
  "avg_correct": 1118,
  "avg_incorrect": 1046
}
