{
  "C_at_1": 0.5578825581435078,
  "C_at_1_total": 2164,
  "C_at_1_correct": 1157,
  "C_at_1_incorrect": 913,
  "C_at_1_unanswered": 94,
  "avg": 0.5346580406654344,
  "avg_total": 2164,
  "avg_correct": 1157,
  "avg_incorrect": 1007
}
