{
  "C_at_1": 0.5557176584745849,
  "C_at_1_total": 2164,
  "C_at_1_correct": 1152,
  "C_at_1_incorrect": 917,
  "C_at_1_unanswered": 95,
  "avg": 0.532347504621072,
  "avg_total": 2164,
  "avg_correct": 1152,
  "avg_incorrect": 1012
}
