{
  "C_at_1": 0.5445664392290582,
  "C_at_1_total": 2164,
  "C_at_1_correct": 1046,
  "C_at_1_incorrect": 844,
  "C_at_1_unanswered": 274,
  "avg": 0.4833641404805915,
  "avg_total": 2164,
  "avg_correct": 1046,
  "avg_incorrect": 1118
}
