{
  "C_at_1": 0.5617946672315592,
  "C_at_1_total": 2164,
  "C_at_1_correct": 1161,
  "C_at_1_incorrect": 901,
  "C_at_1_unanswered": 102,
  "avg": 0.5365064695009242,
  "avg_total": 2164,
  "avg_correct": 1161,
  "avg_incorrect": 1003
}
