{
  "C_at_1": 0.5654928061609739,
  "C_at_1_total": 2164,
  "C_at_1_correct": 1178,
  "C_at_1_incorrect": 902,
  "C_at_1_unanswered": 84,
  "avg": 0.544362292051756,
  "avg_total": 2164,
  "avg_correct": 1178,
  "avg_incorrect": 986
}
