{
  "C_at_1": 0.5515996938646512,
  "C_at_1_total": 2164,
  "C_at_1_correct": 1127,
  "C_at_1_incorrect": 909,
  "C_at_1_unanswered": 128,
  "avg": 0.5207948243992606,
  "avg_total": 2164,
  "avg_correct": 1127,
  "avg_incorrect": 1037
}
