{
  "C_at_1": 0.5590813889524773,
  "C_at_1_total": 2164,
  "C_at_1_correct": 1160,
  "C_at_1_incorrect": 911,
  "C_at_1_unanswered": 93,
  "avg": 0.5360443622920518,
  "avg_total": 2164,
  "avg_correct": 1160,
  "avg_incorrect": 1004
}
