{
  "C_at_1": 0.6288981288981289,
  "C_at_1_total": 1924,
  "C_at_1_correct": 1210,
  "C_at_1_incorrect": 714,
  "C_at_1_unanswered": 0,
  "avg": 0.6288981288981289,
  "avg_total": 1924,
  "avg_correct": 1210,
  "avg_incorrect": 714
}
