{"0": {"precision": 0.5, "recall": 0.19338422391857507, "f1-score": 0.27889908256880735, "support": 393}, "1": {"precision": 0.832982086406744, "recall": 0.9541339770669885, "f1-score": 0.8894514767932489, "support": 1657}, "accuracy": 0.8082926829268293, "macro avg": {"precision": 0.6664910432033719, "recall": 0.5737591004927818, "f1-score": 0.5841752796810281, "support": 2050}, "weighted avg": {"precision": 0.7691469839882803, "recall": 0.8082926829268293, "f1-score": 0.7724041153638803, "support": 2050}}
