{"mlp_question_endings": {"C_at_1": 0.5231053604436229, "C_at_1_total": 2164, "C_at_1_correct": 1132, "C_at_1_incorrect": 1032, "C_at_1_unanswered": 0, "avg": 0.5231053604436229, "avg_total": 2164, "avg_correct": 1132, "avg_incorrect": 1032}, "mlp_question": {"C_at_1": 0.5231053604436229, "C_at_1_total": 2164, "C_at_1_correct": 1132, "C_at_1_incorrect": 1032, "C_at_1_unanswered": 0, "avg": 0.5231053604436229, "avg_total": 2164, "avg_correct": 1132, "avg_incorrect": 1032}, "mlp_logits_question_endings": {"C_at_1": 0.5231053604436229, "C_at_1_total": 2164, "C_at_1_correct": 1132, "C_at_1_incorrect": 1032, "C_at_1_unanswered": 0, "avg": 0.5231053604436229, "avg_total": 2164, "avg_correct": 1132, "avg_incorrect": 1032}, "mlp_logits_question": {"C_at_1": 0.5231053604436229, "C_at_1_total": 2164, "C_at_1_correct": 1132, "C_at_1_incorrect": 1032, "C_at_1_unanswered": 0, "avg": 0.5231053604436229, "avg_total": 2164, "avg_correct": 1132, "avg_incorrect": 1032}, "mlp_logits_endings": {"C_at_1": 0.5231053604436229, "C_at_1_total": 2164, "C_at_1_correct": 1132, "C_at_1_incorrect": 1032, "C_at_1_unanswered": 0, "avg": 0.5231053604436229, "avg_total": 2164, "avg_correct": 1132, "avg_incorrect": 1032}, "mlp_logits_contexts_question_endings": {"C_at_1": 0.5231053604436229, "C_at_1_total": 2164, "C_at_1_correct": 1132, "C_at_1_incorrect": 1032, "C_at_1_unanswered": 0, "avg": 0.5231053604436229, "avg_total": 2164, "avg_correct": 1132, "avg_incorrect": 1032}, "mlp_logits_contexts_question": {"C_at_1": 0.5231053604436229, "C_at_1_total": 2164, "C_at_1_correct": 1132, "C_at_1_incorrect": 1032, "C_at_1_unanswered": 0, "avg": 0.5231053604436229, "avg_total": 2164, "avg_correct": 1132, "avg_incorrect": 1032}, "mlp_logits_contexts_endings": {"C_at_1": 0.5231053604436229, "C_at_1_total": 2164, "C_at_1_correct": 1132, "C_at_1_incorrect": 1032, "C_at_1_unanswered": 0, "avg": 0.5231053604436229, "avg_total": 2164, "avg_correct": 1132, "avg_incorrect": 1032}, "mlp_logits_contexts": {"C_at_1": 0.5231053604436229, "C_at_1_total": 2164, "C_at_1_correct": 1132, "C_at_1_incorrect": 1032, "C_at_1_unanswered": 0, "avg": 0.5231053604436229, "avg_total": 2164, "avg_correct": 1132, "avg_incorrect": 1032}, "mlp_logits": {"C_at_1": 0.5231053604436229, "C_at_1_total": 2164, "C_at_1_correct": 1132, "C_at_1_incorrect": 1032, "C_at_1_unanswered": 0, "avg": 0.5231053604436229, "avg_total": 2164, "avg_correct": 1132, "avg_incorrect": 1032}, "mlp_endings": {"C_at_1": 0.5231053604436229, "C_at_1_total": 2164, "C_at_1_correct": 1132, "C_at_1_incorrect": 1032, "C_at_1_unanswered": 0, "avg": 0.5231053604436229, "avg_total": 2164, "avg_correct": 1132, "avg_incorrect": 1032}, "mlp_embeddings_question_endings": {"C_at_1": 0.5231053604436229, "C_at_1_total": 2164, "C_at_1_correct": 1132, "C_at_1_incorrect": 1032, "C_at_1_unanswered": 0, "avg": 0.5231053604436229, "avg_total": 2164, "avg_correct": 1132, "avg_incorrect": 1032}, "mlp_embeddings_question": {"C_at_1": 0.5231053604436229, "C_at_1_total": 2164, "C_at_1_correct": 1132, "C_at_1_incorrect": 1032, "C_at_1_unanswered": 0, "avg": 0.5231053604436229, "avg_total": 2164, "avg_correct": 1132, "avg_incorrect": 1032}, "mlp_embeddings_logits_question_endings": {"C_at_1": 0.5231053604436229, "C_at_1_total": 2164, "C_at_1_correct": 1132, "C_at_1_incorrect": 1032, "C_at_1_unanswered": 0, "avg": 0.5231053604436229, "avg_total": 2164, "avg_correct": 1132, "avg_incorrect": 1032}, "mlp_embeddings_logits_question": {"C_at_1": 0.5231053604436229, "C_at_1_total": 2164, "C_at_1_correct": 1132, "C_at_1_incorrect": 1032, "C_at_1_unanswered": 0, "avg": 0.5231053604436229, "avg_total": 2164, "avg_correct": 1132, "avg_incorrect": 1032}, "mlp_embeddings_logits_endings": {"C_at_1": 0.5231053604436229, "C_at_1_total": 2164, "C_at_1_correct": 1132, "C_at_1_incorrect": 1032, "C_at_1_unanswered": 0, "avg": 0.5231053604436229, "avg_total": 2164, "avg_correct": 1132, "avg_incorrect": 1032}, "mlp_embeddings_logits_contexts_question_endings": {"C_at_1": 0.5231053604436229, "C_at_1_total": 2164, "C_at_1_correct": 1132, "C_at_1_incorrect": 1032, "C_at_1_unanswered": 0, "avg": 0.5231053604436229, "avg_total": 2164, "avg_correct": 1132, "avg_incorrect": 1032}, "mlp_embeddings_logits_contexts_question": {"C_at_1": 0.5231053604436229, "C_at_1_total": 2164, "C_at_1_correct": 1132, "C_at_1_incorrect": 1032, "C_at_1_unanswered": 0, "avg": 0.5231053604436229, "avg_total": 2164, "avg_correct": 1132, "avg_incorrect": 1032}, "mlp_embeddings_logits_contexts_endings": {"C_at_1": 0.5231053604436229, "C_at_1_total": 2164, "C_at_1_correct": 1132, "C_at_1_incorrect": 1032, "C_at_1_unanswered": 0, "avg": 0.5231053604436229, "avg_total": 2164, "avg_correct": 1132, "avg_incorrect": 1032}, "mlp_embeddings_logits_contexts": {"C_at_1": 0.5231053604436229, "C_at_1_total": 2164, "C_at_1_correct": 1132, "C_at_1_incorrect": 1032, "C_at_1_unanswered": 0, "avg": 0.5231053604436229, "avg_total": 2164, "avg_correct": 1132, "avg_incorrect": 1032}, "mlp_embeddings_logits": {"C_at_1": 0.5231053604436229, "C_at_1_total": 2164, "C_at_1_correct": 1132, "C_at_1_incorrect": 1032, "C_at_1_unanswered": 0, "avg": 0.5231053604436229, "avg_total": 2164, "avg_correct": 1132, "avg_incorrect": 1032}, "mlp_embeddings_endings": {"C_at_1": 0.5231053604436229, "C_at_1_total": 2164, "C_at_1_correct": 1132, "C_at_1_incorrect": 1032, "C_at_1_unanswered": 0, "avg": 0.5231053604436229, "avg_total": 2164, "avg_correct": 1132, "avg_incorrect": 1032}, "mlp_embeddings_contexts_question_endings": {"C_at_1": 0.5231053604436229, "C_at_1_total": 2164, "C_at_1_correct": 1132, "C_at_1_incorrect": 1032, "C_at_1_unanswered": 0, "avg": 0.5231053604436229, "avg_total": 2164, "avg_correct": 1132, "avg_incorrect": 1032}, "mlp_embeddings_contexts_question": {"C_at_1": 0.5231053604436229, "C_at_1_total": 2164, "C_at_1_correct": 1132, "C_at_1_incorrect": 1032, "C_at_1_unanswered": 0, "avg": 0.5231053604436229, "avg_total": 2164, "avg_correct": 1132, "avg_incorrect": 1032}, "mlp_embeddings_contexts_endings": {"C_at_1": 0.5231053604436229, "C_at_1_total": 2164, "C_at_1_correct": 1132, "C_at_1_incorrect": 1032, "C_at_1_unanswered": 0, "avg": 0.5231053604436229, "avg_total": 2164, "avg_correct": 1132, "avg_incorrect": 1032}, "mlp_embeddings_contexts": {"C_at_1": 0.5231053604436229, "C_at_1_total": 2164, "C_at_1_correct": 1132, "C_at_1_incorrect": 1032, "C_at_1_unanswered": 0, "avg": 0.5231053604436229, "avg_total": 2164, "avg_correct": 1132, "avg_incorrect": 1032}, "mlp_embeddings": {"C_at_1": 0.5231053604436229, "C_at_1_total": 2164, "C_at_1_correct": 1132, "C_at_1_incorrect": 1032, "C_at_1_unanswered": 0, "avg": 0.5231053604436229, "avg_total": 2164, "avg_correct": 1132, "avg_incorrect": 1032}, "mlp_contexts_question_endings": {"C_at_1": 0.5231053604436229, "C_at_1_total": 2164, "C_at_1_correct": 1132, "C_at_1_incorrect": 1032, "C_at_1_unanswered": 0, "avg": 0.5231053604436229, "avg_total": 2164, "avg_correct": 1132, "avg_incorrect": 1032}, "mlp_contexts_question": {"C_at_1": 0.5231053604436229, "C_at_1_total": 2164, "C_at_1_correct": 1132, "C_at_1_incorrect": 1032, "C_at_1_unanswered": 0, "avg": 0.5231053604436229, "avg_total": 2164, "avg_correct": 1132, "avg_incorrect": 1032}, "mlp_contexts_endings": {"C_at_1": 0.5231053604436229, "C_at_1_total": 2164, "C_at_1_correct": 1132, "C_at_1_incorrect": 1032, "C_at_1_unanswered": 0, "avg": 0.5231053604436229, "avg_total": 2164, "avg_correct": 1132, "avg_incorrect": 1032}, "mlp_contexts": {"C_at_1": 0.5231053604436229, "C_at_1_total": 2164, "C_at_1_correct": 1132, "C_at_1_incorrect": 1032, "C_at_1_unanswered": 0, "avg": 0.5231053604436229, "avg_total": 2164, "avg_correct": 1132, "avg_incorrect": 1032}, "logreg_question_endings": {"C_at_1": 0.5231053604436229, "C_at_1_total": 2164, "C_at_1_correct": 1132, "C_at_1_incorrect": 1032, "C_at_1_unanswered": 0, "avg": 0.5231053604436229, "avg_total": 2164, "avg_correct": 1132, "avg_incorrect": 1032}, "logreg_question": {"C_at_1": 0.5231053604436229, "C_at_1_total": 2164,