{
  "C_at_1": 0.6501908551726142,
  "C_at_1_total": 4887,
  "C_at_1_correct": 3097,
  "C_at_1_incorrect": 1663,
  "C_at_1_unanswered": 127,
  "avg": 0.6337221199099652,
  "avg_total": 4887,
  "avg_correct": 3097,
  "avg_incorrect": 1790
}
