{
  "C_at_1": 0.6511355530005755,
  "C_at_1_total": 4887,
  "C_at_1_correct": 2904,
  "C_at_1_incorrect": 1515,
  "C_at_1_unanswered": 468,
  "avg": 0.5942295887047269,
  "avg_total": 4887,
  "avg_correct": 2904,
  "avg_incorrect": 1983
}
