{
  "C_at_1": 0.6529396151677388,
  "C_at_1_total": 4887,
  "C_at_1_correct": 3018,
  "C_at_1_incorrect": 1589,
  "C_at_1_unanswered": 280,
  "avg": 0.6175567833026396,
  "avg_total": 4887,
  "avg_correct": 3018,
  "avg_incorrect": 1869
}
