{
  "C_at_1": 0.6546443588681028,
  "C_at_1_total": 4887,
  "C_at_1_correct": 3040,
  "C_at_1_incorrect": 1591,
  "C_at_1_unanswered": 256,
  "avg": 0.6220585226110088,
  "avg_total": 4887,
  "avg_correct": 3040,
  "avg_incorrect": 1847
}
