{
  "C_at_1": 0.6531359910569834,
  "C_at_1_total": 4887,
  "C_at_1_correct": 3116,
  "C_at_1_incorrect": 1652,
  "C_at_1_unanswered": 119,
  "avg": 0.637609985676284,
  "avg_total": 4887,
  "avg_correct": 3116,
  "avg_incorrect": 1771
}
