{
  "C_at_1": 0.6507481607346284,
  "C_at_1_total": 4887,
  "C_at_1_correct": 3141,
  "C_at_1_incorrect": 1685,
  "C_at_1_unanswered": 61,
  "avg": 0.6427255985267035,
  "avg_total": 4887,
  "avg_correct": 3141,
  "avg_incorrect": 1746
}
