{
  "C_at_1": 0.6528040362488956,
  "C_at_1_total": 4887,
  "C_at_1_correct": 2924,
  "C_at_1_incorrect": 1518,
  "C_at_1_unanswered": 445,
  "avg": 0.5983220789850624,
  "avg_total": 4887,
  "avg_correct": 2924,
  "avg_incorrect": 1963
}
