{
  "C_at_1": 0.6551522982950595,
  "C_at_1_total": 4887,
  "C_at_1_correct": 3099,
  "C_at_1_incorrect": 1626,
  "C_at_1_unanswered": 162,
  "avg": 0.6341313689379988,
  "avg_total": 4887,
  "avg_correct": 3099,
  "avg_incorrect": 1788
}
