{
  "C_at_1": 0.6502576397234341,
  "C_at_1_total": 4887,
  "C_at_1_correct": 3093,
  "C_at_1_incorrect": 1660,
  "C_at_1_unanswered": 134,
  "avg": 0.6329036218538981,
  "avg_total": 4887,
  "avg_correct": 3093,
  "avg_incorrect": 1794
}
