{
  "C_at_1": 0.6497661975460216,
  "C_at_1_total": 4887,
  "C_at_1_correct": 3062,
  "C_at_1_incorrect": 1644,
  "C_at_1_unanswered": 181,
  "avg": 0.626560261919378,
  "avg_total": 4887,
  "avg_correct": 3062,
  "avg_incorrect": 1825
}
