{
  "C_at_1": 0.6523413177090144,
  "C_at_1_total": 4887,
  "C_at_1_correct": 2967,
  "C_at_1_incorrect": 1556,
  "C_at_1_unanswered": 364,
  "avg": 0.6071209330877839,
  "avg_total": 4887,
  "avg_correct": 2967,
  "avg_incorrect": 1920
}
