{
  "C_at_1": 0.6483714681492753,
  "C_at_1_total": 4887,
  "C_at_1_correct": 3166,
  "C_at_1_incorrect": 1717,
  "C_at_1_unanswered": 4,
  "avg": 0.647841211377123,
  "avg_total": 4887,
  "avg_correct": 3166,
  "avg_incorrect": 1721
}
