{
  "C_at_1": 0.6481666761504916,
  "C_at_1_total": 4887,
  "C_at_1_correct": 3165,
  "C_at_1_incorrect": 1718,
  "C_at_1_unanswered": 4,
  "avg": 0.6476365868631062,
  "avg_total": 4887,
  "avg_correct": 3165,
  "avg_incorrect": 1722
}
