{
  "C_at_1": 0.6691157126713405,
  "C_at_1_total": 4887,
  "C_at_1_correct": 3022,
  "C_at_1_incorrect": 1464,
  "C_at_1_unanswered": 401,
  "avg": 0.6183752813587068,
  "avg_total": 4887,
  "avg_correct": 3022,
  "avg_incorrect": 1865
}
