{
  "C_at_1": 0.6635395585830102,
  "C_at_1_total": 4887,
  "C_at_1_correct": 3026,
  "C_at_1_incorrect": 1511,
  "C_at_1_unanswered": 350,
  "avg": 0.6191937794147739,
  "avg_total": 4887,
  "avg_correct": 3026,
  "avg_incorrect": 1861
}
