{
  "C_at_1": 0.6501217258350571,
  "C_at_1_total": 4887,
  "C_at_1_correct": 3101,
  "C_at_1_incorrect": 1666,
  "C_at_1_unanswered": 120,
  "avg": 0.6345406179660323,
  "avg_total": 4887,
  "avg_correct": 3101,
  "avg_incorrect": 1786
}
