{
  "C_at_1": 0.6504907366478317,
  "C_at_1_total": 4887,
  "C_at_1_correct": 3104,
  "C_at_1_incorrect": 1665,
  "C_at_1_unanswered": 118,
  "avg": 0.6351544915080827,
  "avg_total": 4887,
  "avg_correct": 3104,
  "avg_incorrect": 1783
}
