{
  "C_at_1": 0.24350317167996727,
  "C_at_1_total": 4887,
  "C_at_1_correct": 1190,
  "C_at_1_incorrect": 3697,
  "C_at_1_unanswered": 0,
  "avg": 0.24350317167996727,
  "avg_total": 4887,
  "avg_correct": 1190,
  "avg_incorrect": 3697
}
