{"mlp_question_endings": {"C_at_1": 0.5566341853417202, "C_at_1_total": 2164, "C_at_1_correct": 1204, "C_at_1_incorrect": 959, "C_at_1_unanswered": 1, "avg": 0.55637707948244, "avg_total": 2164, "avg_correct": 1204, "avg_incorrect": 960}, "mlp_question": {"C_at_1": 0.5568391866913124, "C_at_1_total": 2164, "C_at_1_correct": 1205, "C_at_1_incorrect": 959, "C_at_1_unanswered": 0, "avg": 0.5568391866913124, "avg_total": 2164, "avg_correct": 1205, "avg_incorrect": 959}, "mlp_logits_question_endings": {"C_at_1": 0.5617946672315592, "C_at_1_total": 2164, "C_at_1_correct": 1161, "C_at_1_incorrect": 901, "C_at_1_unanswered": 102, "avg": 0.5365064695009242, "avg_total": 2164, "avg_correct": 1161, "avg_incorrect": 1003}, "mlp_logits_question": {"C_at_1": 0.5635726268531268, "C_at_1_total": 2164, "C_at_1_correct": 1174, "C_at_1_incorrect": 906, "C_at_1_unanswered": 84, "avg": 0.5425138632162662, "avg_total": 2164, "avg_correct": 1174, "avg_incorrect": 990}, "mlp_logits_endings": {"C_at_1": 0.5648459841943959, "C_at_1_total": 2164, "C_at_1_correct": 1173, "C_at_1_incorrect": 900, "C_at_1_unanswered": 91, "avg": 0.5420517560073937, "avg_total": 2164, "avg_correct": 1173, "avg_incorrect": 991}, "mlp_logits_contexts_question_endings": {"C_at_1": 0.5568391866913124, "C_at_1_total": 2164, "C_at_1_correct": 1205, "C_at_1_incorrect": 959, "C_at_1_unanswered": 0, "avg": 0.5568391866913124, "avg_total": 2164, "avg_correct": 1205, "avg_incorrect": 959}, "mlp_logits_contexts_question": {"C_at_1": 0.5568391866913124, "C_at_1_total": 2164, "C_at_1_correct": 1205, "C_at_1_incorrect": 959, "C_at_1_unanswered": 0, "avg": 0.5568391866913124, "avg_total": 2164, "avg_correct": 1205, "avg_incorrect": 959}, "mlp_logits_contexts_endings": {"C_at_1": 0.5568391866913124, "C_at_1_total": 2164, "C_at_1_correct": 1205, "C_at_1_incorrect": 959, "C_at_1_unanswered": 0, "avg": 0.5568391866913124, "avg_total": 2164, "avg_correct": 1205, "avg_incorrect": 959}, "mlp_logits_contexts": {"C_at_1": 0.5568391866913124, "C_at_1_total": 2164, "C_at_1_correct": 1205, "C_at_1_incorrect": 959, "C_at_1_unanswered": 0, "avg": 0.5568391866913124, "avg_total": 2164, "avg_correct": 1205, "avg_incorrect": 959}, "mlp_logits": {"C_at_1": 0.5654928061609739, "C_at_1_total": 2164, "C_at_1_correct": 1178, "C_at_1_incorrect": 902, "C_at_1_unanswered": 84, "avg": 0.544362292051756, "avg_total": 2164, "avg_correct": 1178, "avg_incorrect": 986}, "mlp_endings": {"C_at_1": 0.5568391866913124, "C_at_1_total": 2164, "C_at_1_correct": 1205, "C_at_1_incorrect": 959, "C_at_1_unanswered": 0, "avg": 0.5568391866913124, "avg_total": 2164, "avg_correct": 1205, "avg_incorrect": 959}, "mlp_embeddings_question_endings": {"C_at_1": 0.5520622281596688, "C_at_1_total": 2164, "C_at_1_correct": 1125, "C_at_1_incorrect": 905, "C_at_1_unanswered": 134, "avg": 0.5198706099815157, "avg_total": 2164, "avg_correct": 1125, "avg_incorrect": 1039}, "mlp_embeddings_question": {"C_at_1": 0.5564317465089978, "C_at_1_total": 2164, "C_at_1_correct": 1093, "C_at_1_incorrect": 851, "C_at_1_unanswered": 220, "avg": 0.505083179297597, "avg_total": 2164, "avg_correct": 1093, "avg_incorrect": 1071}, "mlp_embeddings_logits_question_endings": {"C_at_1": 0.5557176584745849, "C_at_1_total": 2164, "C_at_1_correct": 1152, "C_at_1_incorrect": 917, "C_at_1_unanswered": 95, "avg": 0.532347504621072, "avg_total": 2164, "avg_correct": 1152, "avg_incorrect": 1012}, "mlp_embeddings_logits_question": {"C_at_1": 0.555031331039596, "C_at_1_total": 2164, "C_at_1_correct": 1093, "C_at_1_incorrect": 857, "C_at_1_unanswered": 214, "avg": 0.505083179297597, "avg_total": 2164, "avg_correct": 1093, "avg_incorrect": 1071}, "mlp_embeddings_logits_endings": {"C_at_1": 0.5564522466439571, "C_at_1_total": 2164, "C_at_1_correct": 1168, "C_at_1_incorrect": 929, "C_at_1_unanswered": 67, "avg": 0.5397412199630314, "avg_total": 2164, "avg_correct": 1168, "avg_incorrect": 996}, "mlp_embeddings_logits_contexts_question_endings": {"C_at_1": 0.5445664392290582, "C_at_1_total": 2164, "C_at_1_correct": 1046, "C_at_1_incorrect": 844, "C_at_1_unanswered": 274, "avg": 0.4833641404805915, "avg_total": 2164, "avg_correct": 1046, "avg_incorrect": 1118}, "mlp_embeddings_logits_contexts_question": {"C_at_1": 0.5590813889524773, "C_at_1_total": 2164, "C_at_1_correct": 1160, "C_at_1_incorrect": 911, "C_at_1_unanswered": 93, "avg": 0.5360443622920518, "avg_total": 2164, "avg_correct": 1160, "avg_incorrect": 1004}, "mlp_embeddings_logits_contexts_endings": {"C_at_1": 0.5523665270379697, "C_at_1_total": 2164, "C_at_1_correct": 1137, "C_at_1_incorrect": 916, "C_at_1_unanswered": 111, "avg": 0.5254158964879853, "avg_total": 2164, "avg_correct": 1137, "avg_incorrect": 1027}, "mlp_embeddings_logits_contexts": {"C_at_1": 0.5452015163266491, "C_at_1_total": 2164, "C_at_1_correct": 1027, "C_at_1_incorrect": 815, "C_at_1_unanswered": 322, "avg": 0.4745841035120148, "avg_total": 2164, "avg_correct": 1027, "avg_incorrect": 1137}, "mlp_embeddings_logits": {"C_at_1": 0.552478637151028, "C_at_1_total": 2164, "C_at_1_correct": 1120, "C_at_1_incorrect": 898, "C_at_1_unanswered": 146, "avg": 0.5175600739371534, "avg_total": 2164, "avg_correct": 1120, "avg_incorrect": 1044}, "mlp_embeddings_endings": {"C_at_1": 0.5544979004445113, "C_at_1_total": 2164, "C_at_1_correct": 1151, "C_at_1_incorrect": 921, "C_at_1_unanswered": 92, "avg": 0.5318853974121996, "avg_total": 2164, "avg_correct": 1151, "avg_incorrect": 1013}, "mlp_embeddings_contexts_question_endings": {"C_at_1": 0.5515996938646512, "C_at_1_total": 2164, "C_at_1_correct": 1127, "C_at_1_incorrect": 909, "C_at_1_unanswered": 128, "avg": 0.5207948243992606, "avg_total": 2164, "avg_correct": 1127, "avg_incorrect": 1037}, "mlp_embeddings_contexts_question": {"C_at_1": 0.5559999624164192, "C_at_1_total": 2164, "C_at_1_correct": 1147, "C_at_1_incorrect": 911, "C_at_1_unanswered": 106, "avg": 0.5300369685767098, "avg_total": 2164, "avg_correct": 1147, "avg_incorrect": 1017}, "mlp_embeddings_contexts_endings": {"C_at_1": 0.5530801879862375, "C_at_1_total": 2164, "C_at_1_correct": 1097, "C_at_1_incorrect": 870, "C_at_1_unanswered": 197, "avg": 0.5069316081330869, "avg_total": 2164, "avg_correct": 1097, "avg_incorrect": 1067}, "mlp_embeddings_contexts": {"C_at_1": 0.5578825581435078, "C_at_1_total": 2164, "C_at_1_correct": 1157, "C_at_1_incorrect": 913, "C_at_1_unanswered": 94, "avg": 0.5346580406654344, "avg_total": 2164, "avg_correct": 1157, "avg_incorrect": 1007}, "mlp_embeddings": {"C_at_1": 0.5534019973964829, "C_at_1_total": 2164, "C_at_1_correct": 1118, "C_at_1_incorrect": 892, "C_at_1_unanswered": 154, "avg": 0.5166358595194085, "avg_total": 2164, "avg_correct": 1118, "avg_incorrect": 1046}, "mlp_contexts_question_endings": {"C_at_1": 0.5568391866913124, "C_at_1_total": 2164, "C_at_1_correct": 1205, "C_at_1_incorrect": 959, "C_at_1_unanswered": 0, "avg": 0.5568391866913124, "avg_total": 2164, "avg_correct": 1205, "avg_incorrect": 959}, "mlp_contexts_question": {"C_at_1": 0.5568391866913124, "C_at_1_total": 2164, "C_at_1_correct": 1205, "C_at_1_incorrect": 959, "C_at_1_unanswered": 0, "avg": 0.5568391866913124, "avg_total": 2164, "avg_correct": 1205, "avg_incorrect": 959}, "mlp_contexts_endings": {"C_at_1": 0.5568391866913124, "C_at_1_total": 2164, "C_at_1_correct": 1205, "C_at_1_incorrect": 959, "C_at_1_unanswered": 0, "avg": 0.5568391866913124, "avg_total": 2164, "avg_correct": 1205, "avg_incorrect": 959}, "mlp_contexts": {"C_at_1": 0.5568391866913124, "C_at_1_total": 2164, "C_at_1_correct": 1205, "C_at_1_incorrect": 959, "C_at_1_unanswered": 0, "avg": 0.5568391866913124, "avg_total": 2164, "avg_correct": 1205, "avg_incorrect": 959}, "logreg_question_endings": {"C_at_1": 0.5568391866913124, "C_at_1_total": 2164, "C_at_1_correct": 1205, "C_at_1_incorrect": 959, "C_at_1_unanswered": 0, "avg": 0.5568391866913124, "avg_total": 2164, "avg_correct": 1205, "avg_incorrect": 959}, "logreg_question": {"C_at_1": 0.5568391866913124, "C_at_1_total": 2164, "C_at_1_correct": 1205,