{"mlp_logits": {"C_at_1": 0.5654928061609739, "C_at_1_total": 2164, "C_at_1_correct": 1178, "C_at_1_incorrect": 902, "C_at_1_unanswered": 84, "avg": 0.544362292051756, "avg_total": 2164, "avg_correct": 1178, "avg_incorrect": 986}, "mlp_logits_endings": {"C_at_1": 0.5648459841943959, "C_at_1_total": 2164, "C_at_1_correct": 1173, "C_at_1_incorrect": 900, "C_at_1_unanswered": 91, "avg": 0.5420517560073937, "avg_total": 2164, "avg_correct": 1173, "avg_incorrect": 991}, "mlp_logits_question": {"C_at_1": 0.5635726268531268, "C_at_1_total": 2164, "C_at_1_correct": 1174, "C_at_1_incorrect": 906, "C_at_1_unanswered": 84, "avg": 0.5425138632162662, "avg_total": 2164, "avg_correct": 1174, "avg_incorrect": 990}}
