{"0": {"precision": 0.1111111111111111, "recall": 0.00043122035360068997, "f1-score": 0.0008591065292096221, "support": 2319}, "1": {"precision": 0.8680255067182874, "recall": 0.999475547397404, "f1-score": 0.9291242610762387, "support": 15254}, "accuracy": 0.8676378535252944, "macro avg": {"precision": 0.48956830891469927, "recall": 0.4999533838755023, "f1-score": 0.46499168380272415, "support": 17573}, "weighted avg": {"precision": 0.7681402006571115, "recall": 0.8676378535252944, "f1-score": 0.8066268563420123, "support": 17573}}
