{"0": {"precision": 0.0, "recall": 0.0, "f1-score": 0.0, "support": 2245}, "1": {"precision": 0.8722471974051101, "recall": 1.0, "f1-score": 0.9317649919455335, "support": 15328}, "accuracy": 0.8722471974051101, "macro avg": {"precision": 0.43612359870255507, "recall": 0.5, "f1-score": 0.46588249597276676, "support": 17573}, "weighted avg": {"precision": 0.7608151733810692, "recall": 0.8722471974051101, "f1-score": 0.8127294028646866, "support": 17573}}
