{"0": {"precision": 0.37777777777777777, "recall": 0.00737527114967462, "f1-score": 0.014468085106382977, "support": 2305}, "1": {"precision": 0.8694659972615244, "recall": 0.9981660990306523, "f1-score": 0.9293816319063299, "support": 15268}, "accuracy": 0.8682069083252717, "macro avg": {"precision": 0.6236218875196511, "recall": 0.5027706850901634, "f1-score": 0.47192485850635646, "support": 17573}, "weighted avg": {"precision": 0.8049726639712476, "recall": 0.8682069083252717, "f1-score": 0.8093750464983814, "support": 17573}}
