{"0": {"precision": 0.5423514538558787, "recall": 0.1836472602739726, "f1-score": 0.27438439398784775, "support": 2336}, "1": {"precision": 0.8863663448933381, "recall": 0.9762420423967972, "f1-score": 0.9291358256035478, "support": 15237}, "accuracy": 0.8708814658851648, "macro avg": {"precision": 0.7143588993746084, "recall": 0.579944651335385, "f1-score": 0.6017601097956977, "support": 17573}, "weighted avg": {"precision": 0.8406360321713495, "recall": 0.8708814658851648, "f1-score": 0.8420989312625545, "support": 17573}}
