{"0": {"precision": 0.3125, "recall": 0.0021231422505307855, "f1-score": 0.004217629692113032, "support": 2355}, "1": {"precision": 0.8661502534601584, "recall": 0.9992771717702721, "f1-score": 0.927963386727689, "support": 15218}, "accuracy": 0.8656461617253741, "macro avg": {"precision": 0.5893251267300792, "recall": 0.5007001570104015, "f1-score": 0.466090508209901, "support": 17573}, "weighted avg": {"precision": 0.7919542512466108, "recall": 0.8656461617253741, "f1-score": 0.8041699958542592, "support": 17573}}
