{"0": {"precision": 0.5263157894736842, "recall": 0.008435259384226065, "f1-score": 0.016604400166044, "support": 2371}, "1": {"precision": 0.8659252922725976, "recall": 0.9988159452703592, "f1-score": 0.9276353972569263, "support": 15202}, "accuracy": 0.8651909178853924, "macro avg": {"precision": 0.6961205408731409, "recall": 0.5036256023272926, "f1-score": 0.4721198987114852, "support": 17573}, "weighted avg": {"precision": 0.8201041956393407, "recall": 0.8651909178853924, "f1-score": 0.8047164594487842, "support": 17573}}
