{"0": {"precision": 0.2, "recall": 0.0008445945945945946, "f1-score": 0.001682085786375105, "support": 2368}, "1": {"precision": 0.8652849740932642, "recall": 0.9994738572837882, "f1-score": 0.92755126953125, "support": 15205}, "accuracy": 0.8649063904854037, "macro avg": {"precision": 0.5326424870466321, "recall": 0.5001592259391914, "f1-score": 0.46461667765881254, "support": 17573}, "weighted avg": {"precision": 0.7756363757518968, "recall": 0.8649063904854037, "f1-score": 0.8027883817427185, "support": 17573}}
