{"0": {"precision": 0.5013297872340425, "recall": 0.16391304347826086, "f1-score": 0.2470511140235911, "support": 2300}, "1": {"precision": 0.8856786160156946, "recall": 0.9754468670202318, "f1-score": 0.9283978313703496, "support": 15273}, "accuracy": 0.8692312069652307, "macro avg": {"precision": 0.6935042016248686, "recall": 0.5696799552492463, "f1-score": 0.5877244726969704, "support": 17573}, "weighted avg": {"precision": 0.835374040462414, "recall": 0.8692312069652307, "f1-score": 0.839221398780721, "support": 17573}}
