{"0": {"precision": 0.0, "recall": 0.0, "f1-score": 0.0, "support": 2274}, "1": {"precision": 0.8705969384851762, "recall": 1.0, "f1-score": 0.9308225845704551, "support": 15299}, "accuracy": 0.8705969384851762, "macro avg": {"precision": 0.4352984692425881, "recall": 0.5, "f1-score": 0.46541129228522754, "support": 17573}, "weighted avg": {"precision": 0.7579390292997616, "recall": 0.8705969384851762, "f1-score": 0.8103712923998971, "support": 17573}}
