{"0": {"precision": 0.4411764705882353, "recall": 0.0375, "f1-score": 0.06912442396313365, "support": 2400}, "1": {"precision": 0.8670044331855605, "recall": 0.9924866539247347, "f1-score": 0.925511646487616, "support": 15173}, "accuracy": 0.8620611164855175, "macro avg": {"precision": 0.654090451886898, "recall": 0.5149933269623673, "f1-score": 0.4973180352253748, "support": 17573}, "weighted avg": {"precision": 0.808847766126232, "recall": 0.8620611164855175, "f1-score": 0.8085521441796003, "support": 17573}}
