{"0": {"precision": 0.0, "recall": 0.0, "f1-score": 0.0, "support": 2283}, "1": {"precision": 0.8700847891651966, "recall": 1.0, "f1-score": 0.9305297751270426, "support": 15290}, "accuracy": 0.8700847891651966, "macro avg": {"precision": 0.4350423945825983, "recall": 0.5, "f1-score": 0.4652648875635213, "support": 17573}, "weighted avg": {"precision": 0.7570475403366447, "recall": 0.8700847891651966, "f1-score": 0.8096398032033506, "support": 17573}}
