{"0": {"precision": 0.0, "recall": 0.0, "f1-score": 0.0, "support": 2303}, "1": {"precision": 0.8689466795652422, "recall": 1.0, "f1-score": 0.9298785129251287, "support": 15270}, "accuracy": 0.8689466795652422, "macro avg": {"precision": 0.4344733397826211, "recall": 0.5, "f1-score": 0.46493925646256434, "support": 17573}, "weighted avg": {"precision": 0.7550683319274596, "recall": 0.8689466795652422, "f1-score": 0.8080148462053556, "support": 17573}}
