{"0": {"precision": 0.5113314447592068, "recall": 0.1538133787814231, "f1-score": 0.23648869963969865, "support": 2347}, "1": {"precision": 0.8822552913974032, "recall": 0.9773413897280967, "f1-score": 0.9273673386719846, "support": 15226}, "accuracy": 0.8673533261253059, "macro avg": {"precision": 0.6967933680783049, "recall": 0.5655773842547599, "f1-score": 0.5819280191558416, "support": 17573}, "weighted avg": {"precision": 0.8327157552874705, "recall": 0.8673533261253059, "f1-score": 0.8350955486640875, "support": 17573}}
