{"0": {"precision": 0.5197080291970803, "recall": 0.15552643075578856, "f1-score": 0.23940820443846672, "support": 2289}, "1": {"precision": 0.8855400284225485, "recall": 0.9784742214080083, "f1-score": 0.9296904140246177, "support": 15284}, "accuracy": 0.8712798042451488, "macro avg": {"precision": 0.7026240288098144, "recall": 0.5670003260818984, "f1-score": 0.5845493092315422, "support": 17573}, "weighted avg": {"precision": 0.8378879800399675, "recall": 0.8712798042451488, "f1-score": 0.8397765701878966, "support": 17573}}
