{"0": {"precision": 0.6666666666666666, "recall": 0.0008624407072013799, "f1-score": 0.001722652885443583, "support": 2319}, "1": {"precision": 0.8681274900398407, "recall": 0.9999344434246755, "f1-score": 0.9293809407750426, "support": 15254}, "accuracy": 0.8680930973652763, "macro avg": {"precision": 0.7673970783532537, "recall": 0.5003984420659384, "f1-score": 0.4655517968302431, "support": 17573}, "weighted avg": {"precision": 0.8415419526015894, "recall": 0.8680930973652763, "f1-score": 0.8069636204759486, "support": 17573}}
