{"0": {"precision": 0.5310435931307794, "recall": 0.17201540436456997, "f1-score": 0.259857789269554, "support": 2337}, "1": {"precision": 0.8849310180780209, "recall": 0.9766999212391704, "f1-score": 0.9285536003993511, "support": 15236}, "accuracy": 0.8696864508052126, "macro avg": {"precision": 0.7079873056044002, "recall": 0.5743576628018702, "f1-score": 0.5942056948344525, "support": 17573}, "weighted avg": {"precision": 0.8378681994299982, "recall": 0.8696864508052126, "f1-score": 0.839625010482414, "support": 17573}}
