{"0": {"precision": 0.25382262996941896, "recall": 0.03557651093013288, "f1-score": 0.062406015037593986, "support": 2333}, "1": {"precision": 0.8695349646294793, "recall": 0.983989501312336, "f1-score": 0.9232284676476021, "support": 15240}, "accuracy": 0.8580777328856769, "macro avg": {"precision": 0.5616787972994491, "recall": 0.5097830061212344, "f1-score": 0.4928172413425981, "support": 17573}, "weighted avg": {"precision": 0.787792696561311, "recall": 0.8580777328856769, "f1-score": 0.8089452614825109, "support": 17573}}
