{"0": {"precision": 0.0, "recall": 0.0, "f1-score": 0.0, "support": 2345}, "1": {"precision": 0.8665566494053377, "recall": 1.0, "f1-score": 0.9285082771866712, "support": 15228}, "accuracy": 0.8665566494053377, "macro avg": {"precision": 0.43327832470266886, "recall": 0.5, "f1-score": 0.4642541385933356, "support": 17573}, "weighted avg": {"precision": 0.7509204266286054, "recall": 0.8665566494053377, "f1-score": 0.8046050216240043, "support": 17573}}
