{"0": {"precision": 0.2727272727272727, "recall": 0.011373209772535805, "f1-score": 0.021835826930853213, "support": 2374}, "1": {"precision": 0.8656861622982717, "recall": 0.9952628462398843, "f1-score": 0.9259633336393964, "support": 15199}, "accuracy": 0.8623456438855062, "macro avg": {"precision": 0.5692067175127722, "recall": 0.5033180280062101, "f1-score": 0.4738995802851248, "support": 17573}, "weighted avg": {"precision": 0.7855812056123586, "recall": 0.8623456438855062, "f1-score": 0.8038214852967069, "support": 17573}}
