{"0": {"precision": 1.0, "recall": 0.0004342162396873643, "f1-score": 0.0008680555555555556, "support": 2303}, "1": {"precision": 0.8689961302071477, "recall": 1.0, "f1-score": 0.9299068266244442, "support": 15270}, "accuracy": 0.8690035850452399, "macro avg": {"precision": 0.9344980651035739, "recall": 0.5002171081198437, "f1-score": 0.4653874410899999, "support": 17573}, "weighted avg": {"precision": 0.8861646223333037, "recall": 0.8690035850452399, "f1-score": 0.8081532108632395, "support": 17573}}
