{"0": {"precision": 0.0, "recall": 0.0, "f1-score": 0.0, "support": 2277}, "1": {"precision": 0.8704262220451829, "recall": 1.0, "f1-score": 0.930724999239405, "support": 15296}, "accuracy": 0.8704262220451829, "macro avg": {"precision": 0.43521311102259147, "recall": 0.5, "f1-score": 0.4653624996197025, "support": 17573}, "weighted avg": {"precision": 0.7576418080238502, "recall": 0.8704262220451829, "f1-score": 0.810127444850961, "support": 17573}}
