{"0": {"precision": 0.3215590742996346, "recall": 0.23117338003502627, "f1-score": 0.26897605705552724, "support": 2284}, "1": {"precision": 0.88977465319189, "recall": 0.9271371574334489, "f1-score": 0.9080717488789237, "support": 15289}, "accuracy": 0.8366812724065328, "macro avg": {"precision": 0.6056668637457623, "recall": 0.5791552687342376, "f1-score": 0.5885239029672255, "support": 17573}, "weighted avg": {"precision": 0.8159224718802237, "recall": 0.8366812724065328, "f1-score": 0.825007129284965, "support": 17573}}
