{"0": {"precision": 0.0, "recall": 0.0, "f1-score": 0.0, "support": 2354}, "1": {"precision": 0.8660445000853583, "recall": 1.0, "f1-score": 0.9282141985850207, "support": 15219}, "accuracy": 0.8660445000853583, "macro avg": {"precision": 0.43302225004267914, "recall": 0.5, "f1-score": 0.46410709929251037, "support": 17573}, "weighted avg": {"precision": 0.7500330761280981, "recall": 0.8660445000853583, "f1-score": 0.8038748015856957, "support": 17573}}
