{"0": {"precision": 0.4832904884318766, "recall": 0.15621105110095554, "f1-score": 0.23610675039246468, "support": 2407}, "1": {"precision": 0.8790711521286098, "recall": 0.9734933403666095, "f1-score": 0.9238759738431213, "support": 15166}, "accuracy": 0.8615489671655381, "macro avg": {"precision": 0.6811808202802432, "recall": 0.5648521957337825, "f1-score": 0.579991362117793, "support": 17573}, "weighted avg": {"precision": 0.8248604847685667, "recall": 0.8615489671655381, "f1-score": 0.8296711982871131, "support": 17573}}
