{"0": {"precision": 0.5862068965517241, "recall": 0.00737527114967462, "f1-score": 0.01456726649528706, "support": 2305}, "1": {"precision": 0.8695850433196535, "recall": 0.9992140424417082, "f1-score": 0.9299036937705718, "support": 15268}, "accuracy": 0.8691173960052353, "macro avg": {"precision": 0.7278959699356888, "recall": 0.5032946567956914, "f1-score": 0.47223548013292943, "support": 17573}, "weighted avg": {"precision": 0.8324151447081428, "recall": 0.8691173960052353, "f1-score": 0.8098416403437504, "support": 17573}}
