{"0": {"precision": 0.0, "recall": 0.0, "f1-score": 0.0, "support": 2370}, "1": {"precision": 0.8651263373548828, "recall": 0.999934223508518, "f1-score": 0.9276582761250953, "support": 15203}, "accuracy": 0.865077106925397, "macro avg": {"precision": 0.4325631686774414, "recall": 0.499967111754259, "f1-score": 0.46382913806254766, "support": 17573}, "weighted avg": {"precision": 0.7484502194734127, "recall": 0.865077106925397, "f1-score": 0.8025487265651753, "support": 17573}}
