{"0": {"precision": 0.0, "recall": 0.0, "f1-score": 0.0, "support": 2389}, "1": {"precision": 0.8640373342439247, "recall": 0.999868282402529, "f1-score": 0.9270035109143643, "support": 15184}, "accuracy": 0.8639389973254424, "macro avg": {"precision": 0.43201866712196235, "recall": 0.4999341412012645, "f1-score": 0.46350175545718214, "support": 17573}, "weighted avg": {"precision": 0.7465738851169267, "recall": 0.8639389973254424, "f1-score": 0.800979986896017, "support": 17573}}
