{"0": {"precision": 0.5540540540540541, "recall": 0.10913930789707187, "f1-score": 0.18235730170496664, "support": 2254}, "1": {"precision": 0.8827719072917275, "recall": 0.987074874339056, "f1-score": 0.9320142998027613, "support": 15319}, "accuracy": 0.8744665111250214, "macro avg": {"precision": 0.7184129806728907, "recall": 0.548107091118064, "f1-score": 0.5571858007538639, "support": 17573}, "weighted avg": {"precision": 0.8406089276526383, "recall": 0.8744665111250214, "f1-score": 0.8358595809891023, "support": 17573}}
