{"0": {"precision": 0.33710590137429264, "recall": 0.17684478371501272, "f1-score": 0.23198887343532681, "support": 2358}, "1": {"precision": 0.8811826640548482, "recall": 0.9461058166283273, "f1-score": 0.9124908877690089, "support": 15215}, "accuracy": 0.8428839697262847, "macro avg": {"precision": 0.6091442827145704, "recall": 0.56147530017167, "f1-score": 0.5722398806021678, "support": 17573}, "weighted avg": {"precision": 0.8081767455206907, "recall": 0.8428839697262847, "f1-score": 0.8211790030709595, "support": 17573}}
