{"0": {"precision": 0.0, "recall": 0.0, "f1-score": 0.0, "support": 2288}, "1": {"precision": 0.869800261765208, "recall": 1.0, "f1-score": 0.9303670339034634, "support": 15285}, "accuracy": 0.869800261765208, "macro avg": {"precision": 0.434900130882604, "recall": 0.5, "f1-score": 0.4651835169517317, "support": 17573}, "weighted avg": {"precision": 0.7565524953668243, "recall": 0.869800261765208, "f1-score": 0.8092334896269526, "support": 17573}}
