{"0": {"precision": 0.46439628482972134, "recall": 0.12728044123886295, "f1-score": 0.1998001998001998, "support": 2357}, "1": {"precision": 0.8784781709694571, "recall": 0.977260778128286, "f1-score": 0.92524033226519, "support": 15216}, "accuracy": 0.8632561315654698, "macro avg": {"precision": 0.6714372278995893, "recall": 0.5522706096835746, "f1-score": 0.5625202660326949, "support": 17573}, "weighted avg": {"precision": 0.8229389343205435, "recall": 0.8632561315654698, "f1-score": 0.8279397921058557, "support": 17573}}
