{"0": {"precision": 0.6341463414634146, "recall": 0.01138353765323993, "f1-score": 0.022365591397849462, "support": 2284}, "1": {"precision": 0.8712069358886607, "recall": 0.9990189024789065, "f1-score": 0.930745559245605, "support": 15289}, "accuracy": 0.8706538439651739, "macro avg": {"precision": 0.7526766386760377, "recall": 0.5052012200660732, "f1-score": 0.4765555753217272, "support": 17573}, "weighted avg": {"precision": 0.8403956687363667, "recall": 0.8706538439651739, "f1-score": 0.8126814924064613, "support": 17573}}
