{"0": {"precision": 0.5, "recall": 0.17449956483899043, "f1-score": 0.25870967741935486, "support": 2298}, "1": {"precision": 0.886888080615348, "recall": 0.9737479541734861, "f1-score": 0.9282905822879612, "support": 15275}, "accuracy": 0.8692312069652307, "macro avg": {"precision": 0.693444040307674, "recall": 0.5741237595062383, "f1-score": 0.5935001298536581, "support": 17573}, "weighted avg": {"precision": 0.8362951932737404, "recall": 0.8692312069652307, "f1-score": 0.840730295519165, "support": 17573}}
