{"0": {"precision": 0.0, "recall": 0.0, "f1-score": 0.0, "support": 2376}, "1": {"precision": 0.8647925795254083, "recall": 1.0, "f1-score": 0.9274946597497712, "support": 15197}, "accuracy": 0.8647925795254083, "macro avg": {"precision": 0.43239628976270417, "recall": 0.5, "f1-score": 0.4637473298748856, "support": 17573}, "weighted avg": {"precision": 0.7478662056022096, "recall": 0.8647925795254083, "f1-score": 0.8020904993010456, "support": 17573}}
