{"0": {"precision": 0.4792746113989637, "recall": 0.1540383014154871, "f1-score": 0.23314429741650916, "support": 2402}, "1": {"precision": 0.8790548181655854, "recall": 0.9735020763298399, "f1-score": 0.923870887026148, "support": 15171}, "accuracy": 0.8614920616855403, "macro avg": {"precision": 0.6791647147822746, "recall": 0.5637701888726635, "f1-score": 0.5785075922213285, "support": 17573}, "weighted avg": {"precision": 0.8244100758533208, "recall": 0.8614920616855403, "f1-score": 0.8294575672604647, "support": 17573}}
