{"0": {"precision": 0.34328358208955223, "recall": 0.00985432733504713, "f1-score": 0.019158683881715953, "support": 2334}, "1": {"precision": 0.8679881183594196, "recall": 0.9971126714351335, "f1-score": 0.9280806229958771, "support": 15239}, "accuracy": 0.8659875946053605, "macro avg": {"precision": 0.6056358502244858, "recall": 0.5034834993850903, "f1-score": 0.47361965343879653, "support": 17573}, "weighted avg": {"precision": 0.7982982311657776, "recall": 0.8659875946053605, "f1-score": 0.8073599830429691, "support": 17573}}
