{"0": {"precision": 0.0, "recall": 0.0, "f1-score": 0.0, "support": 2400}, "1": {"precision": 0.8634268480054629, "recall": 1.0, "f1-score": 0.9267086056312221, "support": 15173}, "accuracy": 0.8634268480054629, "macro avg": {"precision": 0.43171342400273144, "recall": 0.5, "f1-score": 0.4633543028156111, "support": 17573}, "weighted avg": {"precision": 0.7455059218566488, "recall": 0.8634268480054629, "f1-score": 0.8001450903797037, "support": 17573}}
