{"0": {"precision": 0.4909090909090909, "recall": 0.011533532678342588, "f1-score": 0.022537562604340564, "support": 2341}, "1": {"precision": 0.8679072953533509, "recall": 0.9981617647058824, "f1-score": 0.9284885496183206, "support": 15232}, "accuracy": 0.8667273658453309, "macro avg": {"precision": 0.6794081931312209, "recall": 0.5048476486921125, "f1-score": 0.4755130561113306, "support": 17573}, "weighted avg": {"precision": 0.817685204839266, "recall": 0.8667273658453309, "f1-score": 0.8078016287397155, "support": 17573}}
