{"0": {"precision": 0.46835443037974683, "recall": 0.015975820379965457, "f1-score": 0.03089770354906054, "support": 2316}, "1": {"precision": 0.8697267634617584, "recall": 0.9972471652356295, "f1-score": 0.929131934902751, "support": 15257}, "accuracy": 0.8679223809252831, "macro avg": {"precision": 0.6690405969207526, "recall": 0.5066114928077975, "f1-score": 0.4800148192259058, "support": 17573}, "weighted avg": {"precision": 0.8168286627721812, "recall": 0.8679223809252831, "f1-score": 0.810750868504575, "support": 17573}}
