{"0": {"precision": 0.5695488721804511, "recall": 0.2603092783505155, "f1-score": 0.35731132075471705, "support": 2328}, "1": {"precision": 0.8956932582227876, "recall": 0.969957363069859, "f1-score": 0.9313472318448069, "support": 15245}, "accuracy": 0.8759460536049621, "macro avg": {"precision": 0.7326210652016194, "recall": 0.6151333207101872, "f1-score": 0.644329276299762, "support": 17573}, "weighted avg": {"precision": 0.8524869684198763, "recall": 0.8759460536049621, "f1-score": 0.8553012749212464, "support": 17573}}
