{"0": {"precision": 0.544611819235226, "recall": 0.20417028670721113, "f1-score": 0.296998420221169, "support": 2302}, "1": {"precision": 0.8903650508677439, "recall": 0.9742649466308689, "f1-score": 0.9304274412932677, "support": 15271}, "accuracy": 0.8733853070050646, "macro avg": {"precision": 0.717488435051485, "recall": 0.58921761666904, "f1-score": 0.6137129307572183, "support": 17573}, "weighted avg": {"precision": 0.8450726170648613, "recall": 0.8733853070050646, "f1-score": 0.8474505104045195, "support": 17573}}
