{"0": {"precision": 0.2, "recall": 0.0008417508417508417, "f1-score": 0.0016764459346186086, "support": 2376}, "1": {"precision": 0.8648294710470876, "recall": 0.9994735803119037, "f1-score": 0.9272893772893773, "support": 15197}, "accuracy": 0.864451146645422, "macro avg": {"precision": 0.5324147355235438, "recall": 0.5001576655768273, "f1-score": 0.46448291161199795, "support": 17573}, "weighted avg": {"precision": 0.7749395932113237, "recall": 0.864451146645422, "f1-score": 0.802139640482975, "support": 17573}}
