{"0": {"precision": 0.5, "recall": 0.00213857998289136, "f1-score": 0.004258943781942078, "support": 2338}, "1": {"precision": 0.8671639241587428, "recall": 0.9996718083360683, "f1-score": 0.9287151655588755, "support": 15235}, "accuracy": 0.8669549877653218, "macro avg": {"precision": 0.6835819620793714, "recall": 0.5009051941594799, "f1-score": 0.46648705467040874, "support": 17573}, "weighted avg": {"precision": 0.8183145953769103, "recall": 0.8669549877653218, "f1-score": 0.805720876222139, "support": 17573}}
