{"0": {"precision": 0.48520710059171596, "recall": 0.10423728813559321, "f1-score": 0.17160795256365538, "support": 2360}, "1": {"precision": 0.8761279737489746, "recall": 0.9828436205876553, "f1-score": 0.9264227516341894, "support": 15213}, "accuracy": 0.864849485005406, "macro avg": {"precision": 0.6806675371703452, "recall": 0.5435404543616242, "f1-score": 0.5490153520989224, "support": 17573}, "weighted avg": {"precision": 0.8236284995185569, "recall": 0.864849485005406, "f1-score": 0.8250534392910231, "support": 17573}}
