{"0": {"precision": 0.3181818181818182, "recall": 0.030185424752048298, "f1-score": 0.05513981882630958, "support": 2319}, "1": {"precision": 0.8703970495015271, "recall": 0.9901665137013242, "f1-score": 0.9264268408623914, "support": 15254}, "accuracy": 0.8634837534854607, "macro avg": {"precision": 0.5942894338416727, "recall": 0.5101759692266863, "f1-score": 0.49078332984435047, "support": 17573}, "weighted avg": {"precision": 0.7975246246776265, "recall": 0.8634837534854607, "f1-score": 0.8114484874735747, "support": 17573}}
