{"0": {"precision": 0.602291325695581, "recall": 0.15580016934801016, "f1-score": 0.2475613858055836, "support": 2362}, "1": {"precision": 0.882443108124042, "recall": 0.9840247189533889, "f1-score": 0.9304696484629968, "support": 15211}, "accuracy": 0.8727024412450919, "macro avg": {"precision": 0.7423672169098114, "recall": 0.5699124441506995, "f1-score": 0.5890155171342902, "support": 17573}, "weighted avg": {"precision": 0.8447876986836491, "recall": 0.8727024412450919, "f1-score": 0.838679440963036, "support": 17573}}
