{"0": {"precision": 0.375, "recall": 0.023376623376623377, "f1-score": 0.04400977995110024, "support": 2310}, "1": {"precision": 0.8705605599862298, "recall": 0.9941033872764201, "f1-score": 0.928239324605408, "support": 15263}, "accuracy": 0.86649974392534, "macro avg": {"precision": 0.6227802799931149, "recall": 0.5087400053265217, "f1-score": 0.48612455227825413, "support": 17573}, "weighted avg": {"precision": 0.8054183023427887, "recall": 0.86649974392534, "f1-score": 0.81200588420528, "support": 17573}}
