{"0": {"precision": 0.0, "recall": 0.0, "f1-score": 0.0, "support": 2289}, "1": {"precision": 0.8697433562852103, "recall": 1.0, "f1-score": 0.9303344797151292, "support": 15284}, "accuracy": 0.8697433562852103, "macro avg": {"precision": 0.43487167814260513, "recall": 0.5, "f1-score": 0.4651672398575646, "support": 17573}, "weighted avg": {"precision": 0.7564535058022622, "recall": 0.8697433562852103, "f1-score": 0.8091522328552913, "support": 17573}}
