{"0": {"precision": 0.37528604118993136, "recall": 0.1386306001690617, "f1-score": 0.20246913580246914, "support": 2366}, "1": {"precision": 0.8779567638780765, "recall": 0.9640954823436575, "f1-score": 0.9190120980379866, "support": 15207}, "accuracy": 0.8529562396858817, "macro avg": {"precision": 0.626621402534004, "recall": 0.5513630412563596, "f1-score": 0.5607406169202278, "support": 17573}, "weighted avg": {"precision": 0.8102779993028673, "recall": 0.8529562396858817, "f1-score": 0.8225379246669495, "support": 17573}}
