{"0": {"precision": 0.0, "recall": 0.0, "f1-score": 0.0, "support": 2334}, "1": {"precision": 0.8671750512178465, "recall": 0.999934378896253, "f1-score": 0.9288348419737282, "support": 15239}, "accuracy": 0.867125704205315, "macro avg": {"precision": 0.4335875256089233, "recall": 0.4999671894481265, "f1-score": 0.4644174209868641, "support": 17573}, "weighted avg": {"precision": 0.751999123969087, "recall": 0.867125704205315, "f1-score": 0.8054694222294226, "support": 17573}}
