{"0": {"precision": 0.3696969696969697, "recall": 0.05106739221431561, "f1-score": 0.08973887458624495, "support": 2389}, "1": {"precision": 0.8685263585222989, "recall": 0.9863013698630136, "f1-score": 0.9236747155148487, "support": 15184}, "accuracy": 0.8591589370056336, "macro avg": {"precision": 0.6191116641096343, "recall": 0.5186843810386647, "f1-score": 0.5067067950505468, "support": 17573}, "weighted avg": {"precision": 0.8007119039668039, "recall": 0.8591589370056336, "f1-score": 0.8103034798704832, "support": 17573}}
