{"0": {"precision": 0.48036253776435045, "recall": 0.19727047146401985, "f1-score": 0.2796833773087071, "support": 2418}, "1": {"precision": 0.8829312424607961, "recall": 0.9659518310788519, "f1-score": 0.9225775957145108, "support": 15155}, "accuracy": 0.8601832356455926, "macro avg": {"precision": 0.6816468901125733, "recall": 0.5816111512714358, "f1-score": 0.6011304865116089, "support": 17573}, "weighted avg": {"precision": 0.8275388149893338, "recall": 0.8601832356455926, "f1-score": 0.8341169902342153, "support": 17573}}
