{"0": {"precision": 0.46153846153846156, "recall": 0.013049151805132666, "f1-score": 0.025380710659898477, "support": 2299}, "1": {"precision": 0.870402101896276, "recall": 0.9977085242896425, "f1-score": 0.9297175279116588, "support": 15274}, "accuracy": 0.8688897740852444, "macro avg": {"precision": 0.6659702817173687, "recall": 0.5053788380473876, "f1-score": 0.47754911928577864, "support": 17573}, "weighted avg": {"precision": 0.8169122305491744, "recall": 0.8688897740852444, "f1-score": 0.8114070321020761, "support": 17573}}
