{"0": {"precision": 0.0, "recall": 0.0, "f1-score": 0.0, "support": 2396}, "1": {"precision": 0.8636467106760756, "recall": 0.9999341108255914, "f1-score": 0.9268069254023024, "support": 15177}, "accuracy": 0.8635975644454561, "macro avg": {"precision": 0.4318233553380378, "recall": 0.4999670554127957, "f1-score": 0.4634034627011512, "support": 17573}, "weighted avg": {"precision": 0.7458923421118078, "recall": 0.8635975644454561, "f1-score": 0.8004409438815651, "support": 17573}}
