{"0": {"precision": 0.0, "recall": 0.0, "f1-score": 0.0, "support": 2417}, "1": {"precision": 0.8624594548455016, "recall": 1.0, "f1-score": 0.9261511198020104, "support": 15156}, "accuracy": 0.8624594548455016, "macro avg": {"precision": 0.4312297274227508, "recall": 0.5, "f1-score": 0.4630755599010052, "support": 17573}, "weighted avg": {"precision": 0.7438363112523998, "recall": 0.8624594548455016, "f1-score": 0.7987677898889928, "support": 17573}}
