{"0": {"precision": 0.4125, "recall": 0.014199655765920827, "f1-score": 0.027454242928452582, "support": 2324}, "1": {"precision": 0.869033327616761, "recall": 0.9969178306774215, "f1-score": 0.928593244151243, "support": 15249}, "accuracy": 0.8669549877653218, "macro avg": {"precision": 0.6407666638083804, "recall": 0.5055587432216712, "f1-score": 0.4780237435398478, "support": 17573}, "weighted avg": {"precision": 0.8086575549324525, "recall": 0.8669549877653218, "f1-score": 0.8094191111721406, "support": 17573}}
