{"0": {"precision": 0.5747041420118343, "recall": 0.3256496227996647, "f1-score": 0.41573033707865165, "support": 2386}, "1": {"precision": 0.900807595092781, "recall": 0.9621386712319747, "f1-score": 0.9304635761589405, "support": 15187}, "accuracy": 0.8757184316849712, "macro avg": {"precision": 0.7377558685523076, "recall": 0.6438941470158197, "f1-score": 0.6730969566187961, "support": 17573}, "weighted avg": {"precision": 0.8565304176585843, "recall": 0.8757184316849712, "f1-score": 0.8605749112499569, "support": 17573}}
