{"0": {"precision": 0.47619047619047616, "recall": 0.1697792869269949, "f1-score": 0.2503128911138924, "support": 2356}, "1": {"precision": 0.8831052411402618, "recall": 0.9710849707563909, "f1-score": 0.9250078247261346, "support": 15217}, "accuracy": 0.8636544699254538, "macro avg": {"precision": 0.6796478586653689, "recall": 0.5704321288416929, "f1-score": 0.5876603579200135, "support": 17573}, "weighted avg": {"precision": 0.8285504590187289, "recall": 0.8636544699254538, "f1-score": 0.8345519399261322, "support": 17573}}
