{"0": {"precision": 0.5711422845691383, "recall": 0.12305699481865284, "f1-score": 0.20248667850799287, "support": 2316}, "1": {"precision": 0.8810472062785522, "recall": 0.9859736514386839, "f1-score": 0.9305619993195384, "support": 15257}, "accuracy": 0.8722471974051101, "macro avg": {"precision": 0.7260947454238452, "recall": 0.5545153231286684, "f1-score": 0.5665243389137656, "support": 17573}, "weighted avg": {"precision": 0.8402038785212539, "recall": 0.8722471974051101, "f1-score": 0.8346067018177152, "support": 17573}}
