{"0": {"precision": 0.5278030993618961, "recall": 0.24368686868686867, "f1-score": 0.33342931183414914, "support": 2376}, "1": {"precision": 0.8909322651128915, "recall": 0.9659143251957624, "f1-score": 0.9269093549711109, "support": 15197}, "accuracy": 0.8682638138052694, "macro avg": {"precision": 0.7093676822373938, "recall": 0.6048005969413155, "f1-score": 0.63016933340263, "support": 17573}, "weighted avg": {"precision": 0.8418345073126089, "recall": 0.8682638138052694, "f1-score": 0.8466664492354129, "support": 17573}}
