{"0": {"precision": 0.0, "recall": 0.0, "f1-score": 0.0, "support": 2331}, "1": {"precision": 0.8673457773730936, "recall": 0.9999343918120982, "f1-score": 0.9289327725970623, "support": 15242}, "accuracy": 0.8672964206453081, "macro avg": {"precision": 0.4336728886865468, "recall": 0.4999671959060491, "f1-score": 0.46446638629853115, "support": 17573}, "weighted avg": {"precision": 0.7522952449052919, "recall": 0.8672964206453081, "f1-score": 0.8057129300588644, "support": 17573}}
