{"0": {"precision": 0.5400881057268723, "recall": 0.2595258255715495, "f1-score": 0.35058621675722046, "support": 2362}, "1": {"precision": 0.8936001946708846, "recall": 0.9656827296035764, "f1-score": 0.928244178331069, "support": 15211}, "accuracy": 0.8707676549251693, "macro avg": {"precision": 0.7168441501988785, "recall": 0.612604277587563, "f1-score": 0.6394151975441447, "support": 17573}, "weighted avg": {"precision": 0.8460843718696693, "recall": 0.8707676549251693, "f1-score": 0.8506007420801484, "support": 17573}}
