{"0": {"precision": 0.5418894830659536, "recall": 0.1340979267754742, "f1-score": 0.214992927864215, "support": 2267}, "1": {"precision": 0.8846108629202916, "recall": 0.9832091990069254, "f1-score": 0.9313076304226746, "support": 15306}, "accuracy": 0.8736698344050532, "macro avg": {"precision": 0.7132501729931227, "recall": 0.5586535628911998, "f1-score": 0.5731502791434449, "support": 17573}, "weighted avg": {"precision": 0.8403981861929379, "recall": 0.8736698344050532, "f1-score": 0.8388996505273791, "support": 17573}}
