{"0": {"precision": 0.0, "recall": 0.0, "f1-score": 0.0, "support": 2337}, "1": {"precision": 0.8670043250625996, "recall": 0.9999343659753216, "f1-score": 0.9287368934406242, "support": 15236}, "accuracy": 0.8669549877653218, "macro avg": {"precision": 0.4335021625312998, "recall": 0.4999671829876608, "f1-score": 0.4643684467203121, "support": 17573}, "weighted avg": {"precision": 0.7517030613244049, "recall": 0.8669549877653218, "f1-score": 0.8052259323087321, "support": 17573}}
