{"0.0": {"precision": 0.565989847715736, "recall": 0.7533783783783784, "f1-score": 0.6463768115942029, "support": 888}, "1.0": {"precision": 0.8229587712206953, "recall": 0.6649248856956238, "f1-score": 0.735549132947977, "support": 1531}, "accuracy": 0.6973956180239769, "macro avg": {"precision": 0.6944743094682156, "recall": 0.709151632037001, "f1-score": 0.6909629722710899, "support": 2419}, "weighted avg": {"precision": 0.7286270622201149, "recall": 0.6973956180239769, "f1-score": 0.7028145230421683, "support": 2419}}
