{"0.0": {"precision": 0.6209322779243623, "recall": 0.740041928721174, "f1-score": 0.6752749880439981, "support": 954}, "1.0": {"precision": 0.8065522620904836, "recall": 0.70580204778157, "f1-score": 0.7528212595558791, "support": 1465}, "accuracy": 0.7193054981397271, "macro avg": {"precision": 0.713742270007423, "recall": 0.722921988251372, "f1-score": 0.7140481237999385, "support": 2419}, "weighted avg": {"precision": 0.7333478532874741, "recall": 0.7193054981397271, "f1-score": 0.7222387283354018, "support": 2419}}
