{"0": {"precision": 0.2561576354679803, "recall": 0.17049180327868851, "f1-score": 0.20472440944881887, "support": 305}, "1": {"precision": 0.843440594059406, "recall": 0.9002642007926024, "f1-score": 0.870926517571885, "support": 1514}, "accuracy": 0.7778999450247389, "macro avg": {"precision": 0.5497991147636931, "recall": 0.5353780020356455, "f1-score": 0.5378254635103519, "support": 1819}, "weighted avg": {"precision": 0.7449681903373693, "recall": 0.7778999450247389, "f1-score": 0.7592213812455875, "support": 1819}}
