{"0.0": {"precision": 0.5647058823529412, "recall": 0.6804798255179935, "f1-score": 0.6172106824925817, "support": 917}, "1.0": {"precision": 0.7770167427701674, "recall": 0.6797603195739015, "f1-score": 0.7251420454545455, "support": 1502}, "accuracy": 0.6800330715171559, "macro avg": {"precision": 0.6708613125615543, "recall": 0.6801200725459475, "f1-score": 0.6711763639735636, "support": 2419}, "weighted avg": {"precision": 0.6965334608344103, "recall": 0.6800330715171559, "f1-score": 0.6842271798753307, "support": 2419}}
