{"0.0": {"precision": 0.57917760279965, "recall": 0.7187839305103149, "f1-score": 0.6414728682170542, "support": 921}, "1.0": {"precision": 0.7970219435736677, "recall": 0.6789052069425902, "f1-score": 0.73323720259553, "support": 1498}, "accuracy": 0.6940884663083919, "macro avg": {"precision": 0.6880997731866589, "recall": 0.6988445687264525, "f1-score": 0.6873550354062921, "support": 2419}, "weighted avg": {"precision": 0.714080795226057, "recall": 0.6940884663083919, "f1-score": 0.6982992315485783, "support": 2419}}
