{"0.0": {"precision": 0.6174957118353345, "recall": 0.767590618336887, "f1-score": 0.6844106463878328, "support": 938}, "1.0": {"precision": 0.8260175578611333, "recall": 0.6988521269412559, "f1-score": 0.7571324067300658, "support": 1481}, "accuracy": 0.7255064076064489, "macro avg": {"precision": 0.7217566348482338, "recall": 0.7332213726390715, "f1-score": 0.7207715265589493, "support": 2419}, "weighted avg": {"precision": 0.745160388959852, "recall": 0.7255064076064489, "f1-score": 0.7289335596027344, "support": 2419}}
