{"0": {"precision": 0.0, "recall": 0.0, "f1-score": 0.0, "support": 319}, "1": {"precision": 0.8246289169873557, "recall": 1.0, "f1-score": 0.903886712865321, "support": 1500}, "accuracy": 0.8246289169873557, "macro avg": {"precision": 0.41231445849367787, "recall": 0.5, "f1-score": 0.4519433564326605, "support": 1819}, "weighted avg": {"precision": 0.6800128507317392, "recall": 0.8246289169873557, "f1-score": 0.7453711211093906, "support": 1819}}
