{"0.0": {"precision": 0.5858407079646017, "recall": 0.7250821467688937, "f1-score": 0.6480665687714146, "support": 913}, "1.0": {"precision": 0.8052754072924748, "recall": 0.6892430278884463, "f1-score": 0.7427549194991055, "support": 1506}, "accuracy": 0.7027697395618024, "macro avg": {"precision": 0.6955580576285383, "recall": 0.70716258732867, "f1-score": 0.69541074413526, "support": 2419}, "weighted avg": {"precision": 0.7224544562853031, "recall": 0.7027697395618024, "f1-score": 0.707016819369142, "support": 2419}}
