{"0.0": {"precision": 0.5508870214752568, "recall": 0.6420021762785637, "f1-score": 0.592964824120603, "support": 919}, "1.0": {"precision": 0.7559347181008902, "recall": 0.6793333333333333, "f1-score": 0.7155898876404494, "support": 1500}, "accuracy": 0.6651508887970236, "macro avg": {"precision": 0.6534108697880735, "recall": 0.6606677548059485, "f1-score": 0.6542773558805262, "support": 2419}, "weighted avg": {"precision": 0.6780352417887955, "recall": 0.6651508887970236, "f1-score": 0.6690035158443606, "support": 2419}}
