{"0": {"precision": 0.5, "recall": 0.003215434083601286, "f1-score": 0.006389776357827477, "support": 311}, "1": {"precision": 0.8293891029168959, "recall": 0.9993368700265252, "f1-score": 0.9064661654135338, "support": 1508}, "accuracy": 0.8290269378779549, "macro avg": {"precision": 0.6646945514584479, "recall": 0.5012761520550633, "f1-score": 0.4564279708856806, "support": 1819}, "weighted avg": {"precision": 0.7730724393615608, "recall": 0.8290269378779549, "f1-score": 0.7525773490329265, "support": 1819}}
