{"0": {"precision": 0.21428571428571427, "recall": 0.009868421052631578, "f1-score": 0.018867924528301886, "support": 304}, "1": {"precision": 0.8332409972299168, "recall": 0.9927392739273927, "f1-score": 0.9060240963855422, "support": 1515}, "accuracy": 0.8284771852666301, "macro avg": {"precision": 0.5237633557578155, "recall": 0.5013038474900121, "f1-score": 0.462446010456922, "support": 1819}, "weighted avg": {"precision": 0.7297982231699731, "recall": 0.8284771852666301, "f1-score": 0.7577583040575592, "support": 1819}}
