{"0.0": {"precision": 0.5901911886949294, "recall": 0.7609860664523044, "f1-score": 0.6647940074906367, "support": 933}, "1.0": {"precision": 0.8166118421052632, "recall": 0.6682368775235532, "f1-score": 0.7350111028867505, "support": 1486}, "accuracy": 0.7040099214551467, "macro avg": {"precision": 0.7034015154000963, "recall": 0.7146114719879288, "f1-score": 0.6999025551886936, "support": 2419}, "weighted avg": {"precision": 0.7292821729726292, "recall": 0.7040099214551467, "f1-score": 0.707928610119254, "support": 2419}}
