{"0.0": {"precision": 0.6169491525423729, "recall": 0.7655099894847529, "f1-score": 0.683247301736274, "support": 951}, "1.0": {"precision": 0.8200161420500404, "recall": 0.6920980926430518, "f1-score": 0.7506464721093462, "support": 1468}, "accuracy": 0.7209590739975197, "macro avg": {"precision": 0.7184826472962067, "recall": 0.7288040410639023, "f1-score": 0.7169468869228102, "support": 2419}, "weighted avg": {"precision": 0.740182860933136, "recall": 0.7209590739975197, "f1-score": 0.7241493199701186, "support": 2419}}
