{"0": {"precision": 0.0, "recall": 0.0, "f1-score": 0.0, "support": 311}, "1": {"precision": 0.8290269378779549, "recall": 1.0, "f1-score": 0.9065223925458371, "support": 1508}, "accuracy": 0.8290269378779549, "macro avg": {"precision": 0.41451346893897745, "recall": 0.5, "f1-score": 0.45326119627291855, "support": 1819}, "weighted avg": {"precision": 0.6872856637272985, "recall": 0.8290269378779549, "f1-score": 0.7515314832100727, "support": 1819}}
