{"0.0": {"precision": 0.5902480752780154, "recall": 0.756578947368421, "f1-score": 0.6631427198462277, "support": 912}, "1.0": {"precision": 0.8224, "recall": 0.6821499668214996, "f1-score": 0.7457381211461733, "support": 1507}, "accuracy": 0.7102108309218685, "macro avg": {"precision": 0.7063240376390076, "recall": 0.7193644570949603, "f1-score": 0.7044404204962005, "support": 2419}, "weighted avg": {"precision": 0.7348751734822447, "recall": 0.7102108309218685, "f1-score": 0.7145983915117995, "support": 2419}}
