{"0": {"precision": 0.1875, "recall": 0.009287925696594427, "f1-score": 0.017699115044247787, "support": 323}, "1": {"precision": 0.8225180255130339, "recall": 0.9913101604278075, "f1-score": 0.8990603213094878, "support": 1496}, "accuracy": 0.816932380428807, "macro avg": {"precision": 0.505009012756517, "recall": 0.500299043062201, "f1-score": 0.4583797181768678, "support": 1819}, "weighted avg": {"precision": 0.7097578153752054, "recall": 0.816932380428807, "f1-score": 0.7425569295427629, "support": 1819}}
