{"0": {"precision": 0.0, "recall": 0.0, "f1-score": 0.0, "support": 318}, "1": {"precision": 0.8251786695986806, "recall": 1.0, "f1-score": 0.9042168674698795, "support": 1501}, "accuracy": 0.8251786695986806, "macro avg": {"precision": 0.4125893347993403, "recall": 0.5, "f1-score": 0.45210843373493975, "support": 1819}, "weighted avg": {"precision": 0.6809198367606485, "recall": 0.8251786695986806, "f1-score": 0.7461404717274818, "support": 1819}}
