{"0": {"precision": 0.22598870056497175, "recall": 0.12307692307692308, "f1-score": 0.1593625498007968, "support": 325}, "1": {"precision": 0.8264311814859927, "recall": 0.9082998661311914, "f1-score": 0.8654336734693878, "support": 1494}, "accuracy": 0.7680043980208906, "macro avg": {"precision": 0.5262099410254822, "recall": 0.5156883946040572, "f1-score": 0.5123981116350923, "support": 1819}, "weighted avg": {"precision": 0.7191503643890539, "recall": 0.7680043980208906, "f1-score": 0.7392802291635647, "support": 1819}}
