{"0.0": {"precision": 0.5496425734710088, "recall": 0.7881548974943052, "f1-score": 0.6476368741226018, "support": 878}, "1.0": {"precision": 0.8396551724137931, "recall": 0.6320571057754705, "f1-score": 0.7212143650499815, "support": 1541}, "accuracy": 0.6887143447705664, "macro avg": {"precision": 0.694648872942401, "recall": 0.7101060016348879, "f1-score": 0.6844256195862917, "support": 2419}, "weighted avg": {"precision": 0.7343922282749901, "recall": 0.6887143447705664, "f1-score": 0.6945086862429375, "support": 2419}}
