{"0.0": {"precision": 0.6063348416289592, "recall": 0.7419712070874862, "f1-score": 0.6673306772908366, "support": 903}, "1.0": {"precision": 0.8226788432267884, "recall": 0.7130606860158312, "f1-score": 0.7639575971731449, "support": 1516}, "accuracy": 0.7238528317486564, "macro avg": {"precision": 0.7145068424278738, "recall": 0.7275159465516587, "f1-score": 0.7156441372319908, "support": 2419}, "weighted avg": {"precision": 0.7419187632586859, "recall": 0.7238528317486564, "f1-score": 0.7278872752823949, "support": 2419}}
