{"0": {"precision": 0.2777777777777778, "recall": 0.01718213058419244, "f1-score": 0.03236245954692557, "support": 291}, "1": {"precision": 0.8411993337034981, "recall": 0.9914921465968587, "f1-score": 0.9101832382096725, "support": 1528}, "accuracy": 0.8356239692138537, "macro avg": {"precision": 0.5594885557406379, "recall": 0.5043371385905255, "f1-score": 0.471272848878299, "support": 1819}, "weighted avg": {"precision": 0.7510642744542487, "recall": 0.8356239692138537, "f1-score": 0.7697512169942469, "support": 1819}}
