{"0": {"precision": 0.20270270270270271, "recall": 0.04792332268370607, "f1-score": 0.07751937984496124, "support": 313}, "1": {"precision": 0.8292263610315186, "recall": 0.9608233731739708, "f1-score": 0.8901876345739772, "support": 1506}, "accuracy": 0.8037383177570093, "macro avg": {"precision": 0.5159645318671107, "recall": 0.5043733479288385, "f1-score": 0.48385350720946924, "support": 1819}, "weighted avg": {"precision": 0.7214188266406888, "recall": 0.8037383177570093, "f1-score": 0.7503497215832229, "support": 1819}}
