{"0.0": {"precision": 0.596652719665272, "recall": 0.7708108108108108, "f1-score": 0.6726415094339622, "support": 925}, "1.0": {"precision": 0.826797385620915, "recall": 0.677376171352075, "f1-score": 0.7446651949963209, "support": 1494}, "accuracy": 0.7131045886730054, "macro avg": {"precision": 0.7117250526430935, "recall": 0.7240934910814429, "f1-score": 0.7086533522151415, "support": 2419}, "weighted avg": {"precision": 0.7387925009541231, "recall": 0.7131045886730054, "f1-score": 0.7171240998556917, "support": 2419}}
