{"0.0": {"precision": 0.5792630676949443, "recall": 0.7453142227122381, "f1-score": 0.6518804243008679, "support": 907}, "1.0": {"precision": 0.8154952076677316, "recall": 0.6752645502645502, "f1-score": 0.7387843704775687, "support": 1512}, "accuracy": 0.701529557668458, "macro avg": {"precision": 0.697379137681338, "recall": 0.7102893864883941, "f1-score": 0.6953323973892183, "support": 2419}, "weighted avg": {"precision": 0.7269203622955456, "recall": 0.701529557668458, "f1-score": 0.7061998813571605, "support": 2419}}
