{"0.0": {"precision": 0.6050044682752458, "recall": 0.7248394004282656, "f1-score": 0.6595226497808087, "support": 934}, "1.0": {"precision": 0.8023076923076923, "recall": 0.7023569023569024, "f1-score": 0.7490125673249551, "support": 1485}, "accuracy": 0.7110376188507648, "macro avg": {"precision": 0.7036560802914691, "recall": 0.713598151392584, "f1-score": 0.7042676085528818, "support": 2419}, "weighted avg": {"precision": 0.7261269518172809, "recall": 0.7110376188507648, "f1-score": 0.7144596185914981, "support": 2419}}
