{"0": {"precision": 0.43478260869565216, "recall": 0.0664451827242525, "f1-score": 0.11527377521613832, "support": 301}, "1": {"precision": 0.841511562323745, "recall": 0.9828722002635046, "f1-score": 0.9067152841081738, "support": 1518}, "accuracy": 0.8312259483232546, "macro avg": {"precision": 0.6381470855096986, "recall": 0.5246586914938786, "f1-score": 0.5109945296621561, "support": 1819}, "weighted avg": {"precision": 0.7742078707118396, "recall": 0.8312259483232546, "f1-score": 0.7757510762046539, "support": 1819}}
