{"0.0": {"precision": 0.5796862097440132, "recall": 0.7580993520518359, "f1-score": 0.6569957884885352, "support": 926}, "1.0": {"precision": 0.8145695364238411, "recall": 0.6590756865371735, "f1-score": 0.728619029988893, "support": 1493}, "accuracy": 0.6969822240595287, "macro avg": {"precision": 0.6971278730839272, "recall": 0.7085875192945047, "f1-score": 0.6928074092387142, "support": 2419}, "weighted avg": {"precision": 0.7246555386952256, "recall": 0.6969822240595287, "f1-score": 0.701201451803969, "support": 2419}}
