{"0.0": {"precision": 0.6075174825174825, "recall": 0.7300420168067226, "f1-score": 0.6631679389312977, "support": 952}, "1.0": {"precision": 0.7984313725490196, "recall": 0.6939331970006817, "f1-score": 0.7425237053245806, "support": 1467}, "accuracy": 0.7081438610996279, "macro avg": {"precision": 0.702974427533251, "recall": 0.7119876069037021, "f1-score": 0.7028458221279391, "support": 2419}, "weighted avg": {"precision": 0.723297009874351, "recall": 0.7081438610996279, "f1-score": 0.7112931598072572, "support": 2419}}
