{"0": {"precision": 0.0, "recall": 0.0, "f1-score": 0.0, "support": 313}, "1": {"precision": 0.8279274326553051, "recall": 1.0, "f1-score": 0.9058646616541353, "support": 1506}, "accuracy": 0.8279274326553051, "macro avg": {"precision": 0.41396371632765255, "recall": 0.5, "f1-score": 0.45293233082706763, "support": 1819}, "weighted avg": {"precision": 0.6854638337432049, "recall": 0.8279274326553051, "f1-score": 0.7499902036564748, "support": 1819}}
