{"0.0": {"precision": 0.587819947043248, "recall": 0.7318681318681318, "f1-score": 0.6519823788546255, "support": 910}, "1.0": {"precision": 0.8102643856920684, "recall": 0.6905235255135852, "f1-score": 0.7456171735241504, "support": 1509}, "accuracy": 0.7060768912773874, "macro avg": {"precision": 0.6990421663676583, "recall": 0.7111958286908585, "f1-score": 0.6987997761893879, "support": 2419}, "weighted avg": {"precision": 0.7265833442822186, "recall": 0.7060768912773874, "f1-score": 0.7103928398535146, "support": 2419}}
