{"0.0": {"precision": 0.5930626057529611, "recall": 0.761129207383279, "f1-score": 0.6666666666666666, "support": 921}, "1.0": {"precision": 0.8221503637833468, "recall": 0.6789052069425902, "f1-score": 0.7436928702010969, "support": 1498}, "accuracy": 0.7102108309218685, "macro avg": {"precision": 0.707606484768154, "recall": 0.7200172071629346, "f1-score": 0.7051797684338817, "support": 2419}, "weighted avg": {"precision": 0.7349284435080325, "recall": 0.7102108309218685, "f1-score": 0.7143662337996044, "support": 2419}}
