{"0": {"precision": 0.22580645161290322, "recall": 0.022364217252396165, "f1-score": 0.040697674418604654, "support": 313}, "1": {"precision": 0.8288590604026845, "recall": 0.9840637450199203, "f1-score": 0.8998178506375227, "support": 1506}, "accuracy": 0.8185816382627817, "macro avg": {"precision": 0.5273327560077938, "recall": 0.5032139811361582, "f1-score": 0.47025776252806367, "support": 1819}, "weighted avg": {"precision": 0.7250902497643109, "recall": 0.8185816382627817, "f1-score": 0.7519868362579067, "support": 1819}}
