{"0": {"precision": 0.0, "recall": 0.0, "f1-score": 0.0, "support": 277}, "1": {"precision": 0.8477185266630016, "recall": 1.0, "f1-score": 0.9175840523653674, "support": 1542}, "accuracy": 0.8477185266630016, "macro avg": {"precision": 0.4238592633315008, "recall": 0.5, "f1-score": 0.4587920261826837, "support": 1819}, "weighted avg": {"precision": 0.7186267004476903, "recall": 0.8477185266630016, "f1-score": 0.7778530009606359, "support": 1819}}
