{"0.0": {"precision": 0.5718085106382979, "recall": 0.7095709570957096, "f1-score": 0.6332842415316643, "support": 909}, "1.0": {"precision": 0.7955073586367157, "recall": 0.6801324503311258, "f1-score": 0.7333095323098893, "support": 1510}, "accuracy": 0.6911947085572551, "macro avg": {"precision": 0.6836579346375068, "recall": 0.6948517037134176, "f1-score": 0.6832968869207767, "support": 2419}, "weighted avg": {"precision": 0.711446898599278, "recall": 0.6911947085572551, "f1-score": 0.6957225172964926, "support": 2419}}
