{"0.0": {"precision": 0.5633187772925764, "recall": 0.7271702367531003, "f1-score": 0.6348425196850394, "support": 887}, "1.0": {"precision": 0.8100470957613815, "recall": 0.6736292428198434, "f1-score": 0.7355666429080542, "support": 1532}, "accuracy": 0.6932616783794957, "macro avg": {"precision": 0.6866829365269789, "recall": 0.7003997397864719, "f1-score": 0.6852045812965468, "support": 2419}, "weighted avg": {"precision": 0.7195766457895625, "recall": 0.6932616783794957, "f1-score": 0.698633076434795, "support": 2419}}
