{"0.0": {"precision": 0.6114081996434938, "recall": 0.725925925925926, "f1-score": 0.663763909046928, "support": 945}, "1.0": {"precision": 0.8003084040092521, "recall": 0.7042062415196744, "f1-score": 0.7491880187657886, "support": 1474}, "accuracy": 0.7126911947085572, "macro avg": {"precision": 0.7058583018263729, "recall": 0.7150660837228002, "f1-score": 0.7064759639063583, "support": 2419}, "weighted avg": {"precision": 0.7265131608816616, "recall": 0.7126911947085572, "f1-score": 0.7158164670153448, "support": 2419}}
