{"0": {"precision": 0.2569832402234637, "recall": 0.1503267973856209, "f1-score": 0.18969072164948456, "support": 306}, "1": {"precision": 0.8414634146341463, "recall": 0.9120951751487112, "f1-score": 0.8753568030447192, "support": 1513}, "accuracy": 0.7839472237493128, "macro avg": {"precision": 0.549223327428805, "recall": 0.531210986267166, "f1-score": 0.5325237623471019, "support": 1819}, "weighted avg": {"precision": 0.7431396469762744, "recall": 0.7839472237493128, "f1-score": 0.7600111071090723, "support": 1819}}
