{"0.0": {"precision": 0.5773286467486819, "recall": 0.7141304347826087, "f1-score": 0.6384839650145773, "support": 920}, "1.0": {"precision": 0.7946916471506635, "recall": 0.6791194129419613, "f1-score": 0.7323741007194244, "support": 1499}, "accuracy": 0.6924348904505995, "macro avg": {"precision": 0.6860101469496727, "recall": 0.696624923862285, "f1-score": 0.6854290328670009, "support": 2419}, "weighted avg": {"precision": 0.7120236188869914, "recall": 0.6924348904505995, "f1-score": 0.6966655745315536, "support": 2419}}
