{"0": {"precision": 0.2, "recall": 0.003436426116838488, "f1-score": 0.006756756756756757, "support": 291}, "1": {"precision": 0.8401323042998897, "recall": 0.9973821989528796, "f1-score": 0.9120287253141831, "support": 1528}, "accuracy": 0.8383727322704783, "macro avg": {"precision": 0.5200661521499449, "recall": 0.5004093125348591, "f1-score": 0.45939274103546995, "support": 1819}, "weighted avg": {"precision": 0.7377252121881427, "recall": 0.8383727322704783, "f1-score": 0.7672051173701419, "support": 1819}}
