{"0.0": {"precision": 0.57243195785777, "recall": 0.7244444444444444, "f1-score": 0.6395291809710644, "support": 900}, "1.0": {"precision": 0.80625, "recall": 0.6793943383805134, "f1-score": 0.7374062165058948, "support": 1519}, "accuracy": 0.6961554361306325, "macro avg": {"precision": 0.689340978928885, "recall": 0.7019193914124789, "f1-score": 0.6884676987384796, "support": 2419}, "weighted avg": {"precision": 0.7192569293393936, "recall": 0.6961554361306325, "f1-score": 0.7009906183325392, "support": 2419}}
