{"0.0": {"precision": 0.5854858548585485, "recall": 0.5151515151515151, "f1-score": 0.5480713874496257, "support": 924}, "1.0": {"precision": 0.7210460772104608, "recall": 0.7745819397993311, "f1-score": 0.7468558529506611, "support": 1495}, "accuracy": 0.6754857379082265, "macro avg": {"precision": 0.6532659660345046, "recall": 0.6448667274754232, "f1-score": 0.6474636202001434, "support": 2419}, "weighted avg": {"precision": 0.6692653225791392, "recall": 0.6754857379082265, "f1-score": 0.670924953354565, "support": 2419}}
