{"0.0": {"precision": 0.5822454308093995, "recall": 0.24371584699453552, "f1-score": 0.34360554699537754, "support": 915}, "1.0": {"precision": 0.6601178781925344, "recall": 0.8936170212765957, "f1-score": 0.759322033898305, "support": 1504}, "accuracy": 0.6477883422902025, "macro avg": {"precision": 0.621181654500967, "recall": 0.5686664341355656, "f1-score": 0.5514637904468412, "support": 2419}, "weighted avg": {"precision": 0.630662198425867, "recall": 0.6477883422902025, "f1-score": 0.6020749956526751, "support": 2419}}
