{"0.0": {"precision": 0.5681034482758621, "recall": 0.7446327683615819, "f1-score": 0.6444987775061124, "support": 885}, "1.0": {"precision": 0.8204924543288324, "recall": 0.6734028683181226, "f1-score": 0.7397064088793411, "support": 1534}, "accuracy": 0.6994625878462174, "macro avg": {"precision": 0.6942979513023473, "recall": 0.7090178183398522, "f1-score": 0.6921025931927267, "support": 2419}, "weighted avg": {"precision": 0.7281550130899408, "recall": 0.6994625878462174, "f1-score": 0.7048743486208429, "support": 2419}}
