{"0": {"precision": 0.25, "recall": 0.11764705882352941, "f1-score": 0.15999999999999998, "support": 323}, "1": {"precision": 0.8290341931613677, "recall": 0.9237967914438503, "f1-score": 0.8738539361365792, "support": 1496}, "accuracy": 0.7806487080813634, "macro avg": {"precision": 0.5395170965806839, "recall": 0.5207219251336899, "f1-score": 0.5169269680682896, "support": 1819}, "weighted avg": {"precision": 0.7262150373663585, "recall": 0.7806487080813634, "f1-score": 0.7470948259814858, "support": 1819}}
