{"0.0": {"precision": 0.5669724770642202, "recall": 0.64576802507837, "f1-score": 0.6038104543234001, "support": 957}, "1.0": {"precision": 0.744920993227991, "recall": 0.6771545827633378, "f1-score": 0.7094231458258687, "support": 1462}, "accuracy": 0.6647374948325755, "macro avg": {"precision": 0.6559467351461056, "recall": 0.6614613039208539, "f1-score": 0.6566168000746344, "support": 2419}, "weighted avg": {"precision": 0.6745213528936674, "recall": 0.6647374948325755, "f1-score": 0.6676408615067855, "support": 2419}}
