{"0": {"precision": 0.08333333333333333, "recall": 0.0033333333333333335, "f1-score": 0.006410256410256411, "support": 300}, "1": {"precision": 0.8345323741007195, "recall": 0.9927583936800527, "f1-score": 0.9067949488875526, "support": 1519}, "accuracy": 0.8295766904892798, "macro avg": {"precision": 0.4589328537170264, "recall": 0.498045863506693, "f1-score": 0.4566026026489045, "support": 1819}, "weighted avg": {"precision": 0.7106402838147294, "recall": 0.8295766904892798, "f1-score": 0.7582982981216434, "support": 1819}}
