{"0.0": {"precision": 0.6044520547945206, "recall": 0.7486744432661718, "f1-score": 0.6688773093320702, "support": 943}, "1.0": {"precision": 0.8105515587529976, "recall": 0.6869918699186992, "f1-score": 0.7436743674367438, "support": 1476}, "accuracy": 0.7110376188507648, "macro avg": {"precision": 0.7075018067737591, "recall": 0.7178331565924355, "f1-score": 0.706275838384407, "support": 2419}, "weighted avg": {"precision": 0.7302076843285066, "recall": 0.7110376188507648, "f1-score": 0.7145161922433965, "support": 2419}}
