{"0.0": {"precision": 0.5691263782866837, "recall": 0.7616345062429057, "f1-score": 0.6514563106796116, "support": 881}, "1.0": {"precision": 0.8306451612903226, "recall": 0.6697009102730819, "f1-score": 0.7415406767458603, "support": 1538}, "accuracy": 0.7031831335262505, "macro avg": {"precision": 0.6998857697885031, "recall": 0.7156677082579939, "f1-score": 0.696498493712736, "support": 2419}, "weighted avg": {"precision": 0.73539999889834, "recall": 0.7031831335262505, "f1-score": 0.7087319431764659, "support": 2419}}
