{"0.0": {"precision": 0.5837023914969, "recall": 0.71397616468039, "f1-score": 0.6423001949317739, "support": 923}, "1.0": {"precision": 0.7953488372093023, "recall": 0.6858288770053476, "f1-score": 0.7365398420674802, "support": 1496}, "accuracy": 0.6965688300950806, "macro avg": {"precision": 0.6895256143531011, "recall": 0.6999025208428689, "f1-score": 0.6894200184996271, "support": 2419}, "weighted avg": {"precision": 0.7145924629254878, "recall": 0.6965688300950806, "f1-score": 0.7005815145328557, "support": 2419}}
