{"0": {"precision": 0.25742574257425743, "recall": 0.16352201257861634, "f1-score": 0.2, "support": 318}, "1": {"precision": 0.8354978354978355, "recall": 0.9000666222518321, "f1-score": 0.8665811417575369, "support": 1501}, "accuracy": 0.7713029136888401, "macro avg": {"precision": 0.5464617890360465, "recall": 0.5317943174152242, "f1-score": 0.5332905708787684, "support": 1819}, "weighted avg": {"precision": 0.7344385031450604, "recall": 0.7713029136888401, "f1-score": 0.7500485397350537, "support": 1819}}
