{"0.0": {"precision": 0.5616291532690246, "recall": 0.592090395480226, "f1-score": 0.5764576457645765, "support": 885}, "1.0": {"precision": 0.7570659488559892, "recall": 0.7333767926988266, "f1-score": 0.7450331125827814, "support": 1534}, "accuracy": 0.6816866473749483, "macro avg": {"precision": 0.6593475510625069, "recall": 0.6627335940895263, "f1-score": 0.6607453791736789, "support": 2419}, "weighted avg": {"precision": 0.6855646821778315, "recall": 0.6816866473749483, "f1-score": 0.6833591613078284, "support": 2419}}
