{"0": {"precision": 0.14285714285714285, "recall": 0.006472491909385114, "f1-score": 0.012383900928792569, "support": 309}, "1": {"precision": 0.8299168975069252, "recall": 0.9920529801324504, "f1-score": 0.9037707390648567, "support": 1510}, "accuracy": 0.8246289169873557, "macro avg": {"precision": 0.48638702018203406, "recall": 0.49926273602091775, "f1-score": 0.45807731999682466, "support": 1819}, "weighted avg": {"precision": 0.7132036131821408, "recall": 0.8246289169873557, "f1-score": 0.752347686297378, "support": 1819}}
