{"0": {"precision": 0.2727272727272727, "recall": 0.01892744479495268, "f1-score": 0.03539823008849558, "support": 317}, "1": {"precision": 0.8269337785197551, "recall": 0.9893475366178429, "f1-score": 0.9008790542588663, "support": 1502}, "accuracy": 0.8202308960967565, "macro avg": {"precision": 0.5498305256235139, "recall": 0.5041374907063978, "f1-score": 0.46813864217368095, "support": 1819}, "weighted avg": {"precision": 0.7303513363338195, "recall": 0.8202308960967565, "f1-score": 0.7500503454837111, "support": 1819}}
