{"0": {"precision": 0.5, "recall": 0.0084985835694051, "f1-score": 0.016713091922005572, "support": 353}, "1": {"precision": 0.806949806949807, "recall": 0.9979536152796725, "f1-score": 0.8923452272034157, "support": 1466}, "accuracy": 0.805937328202309, "macro avg": {"precision": 0.6534749034749034, "recall": 0.5032260994245388, "f1-score": 0.4545291595627106, "support": 1819}, "weighted avg": {"precision": 0.747382307305342, "recall": 0.805937328202309, "f1-score": 0.722417715518788, "support": 1819}}
