{"0.0": {"precision": 0.6010143702451395, "recall": 0.7515856236786469, "f1-score": 0.6679192108971347, "support": 946}, "1.0": {"precision": 0.8098705501618123, "recall": 0.6795655125594026, "f1-score": 0.7390180878552972, "support": 1473}, "accuracy": 0.7077304671351798, "macro avg": {"precision": 0.7054424602034759, "recall": 0.7155755681190248, "f1-score": 0.7034686493762159, "support": 2419}, "weighted avg": {"precision": 0.7281930196941925, "recall": 0.7077304671351798, "f1-score": 0.7112134009588847, "support": 2419}}
