{"0.0": {"precision": 0.0, "recall": 0.0, "f1-score": 0.0, "support": 853}, "1.0": {"precision": 0.6473749483257545, "recall": 1.0, "f1-score": 0.7859473023839398, "support": 1566}, "accuracy": 0.6473749483257545, "macro avg": {"precision": 0.32368747416287724, "recall": 0.5, "f1-score": 0.3929736511919699, "support": 2419}, "weighted avg": {"precision": 0.4190943237197733, "recall": 0.6473749483257545, "f1-score": 0.5088025942675692, "support": 2419}}
