{"0.0": {"precision": 0.5759577278731837, "recall": 0.4663101604278075, "f1-score": 0.5153664302600472, "support": 935}, "1.0": {"precision": 0.6997593261131168, "recall": 0.7836927223719676, "f1-score": 0.7393515575333757, "support": 1484}, "accuracy": 0.6610169491525424, "macro avg": {"precision": 0.6378585269931503, "recall": 0.6250014413998876, "f1-score": 0.6273589938967115, "support": 2419}, "weighted avg": {"precision": 0.6519071167892898, "recall": 0.6610169491525424, "f1-score": 0.6527760742755989, "support": 2419}}
