{"0.0": {"precision": 0.5599214145383105, "recall": 0.6581986143187067, "f1-score": 0.605095541401274, "support": 866}, "1.0": {"precision": 0.788722341184868, "recall": 0.7115260785576304, "f1-score": 0.7481381178063642, "support": 1553}, "accuracy": 0.6924348904505995, "macro avg": {"precision": 0.6743218778615891, "recall": 0.6848623464381686, "f1-score": 0.6766168296038191, "support": 2419}, "weighted avg": {"precision": 0.7068117986152447, "recall": 0.6924348904505995, "f1-score": 0.6969289937192173, "support": 2419}}
