{"0": {"precision": 0.0, "recall": 0.0, "f1-score": 0.0, "support": 283}, "1": {"precision": 0.8444200109950523, "recall": 1.0, "f1-score": 0.9156482861400894, "support": 1536}, "accuracy": 0.8444200109950523, "macro avg": {"precision": 0.42221000549752613, "recall": 0.5, "f1-score": 0.4578241430700447, "support": 1819}, "weighted avg": {"precision": 0.7130451549688841, "recall": 0.8444200109950523, "f1-score": 0.773191735850015, "support": 1819}}
