{"0.0": {"precision": 0.5672566371681416, "recall": 0.738479262672811, "f1-score": 0.6416416416416416, "support": 868}, "1.0": {"precision": 0.8238944918541505, "recall": 0.6847195357833655, "f1-score": 0.747887323943662, "support": 1551}, "accuracy": 0.7040099214551467, "macro avg": {"precision": 0.6955755645111461, "recall": 0.7115993992280882, "f1-score": 0.6947644827926518, "support": 2419}, "weighted avg": {"precision": 0.7318061669812874, "recall": 0.7040099214551467, "f1-score": 0.7097636148745616, "support": 2419}}
