{"0.0": {"precision": 0.5870337477797514, "recall": 0.7360801781737194, "f1-score": 0.6531620553359684, "support": 898}, "1.0": {"precision": 0.8167053364269141, "recall": 0.6942800788954635, "f1-score": 0.7505330490405117, "support": 1521}, "accuracy": 0.7097974369574204, "macro avg": {"precision": 0.7018695421033327, "recall": 0.7151801285345915, "f1-score": 0.70184755218824, "support": 2419}, "weighted avg": {"precision": 0.7314448624272647, "recall": 0.7097974369574204, "f1-score": 0.7143862312039347, "support": 2419}}
