{"0.0": {"precision": 0.57847533632287, "recall": 0.7041484716157205, "f1-score": 0.6351550960118169, "support": 916}, "1.0": {"precision": 0.7921779141104295, "recall": 0.6872920825016633, "f1-score": 0.7360171001068756, "support": 1503}, "accuracy": 0.6936750723439438, "macro avg": {"precision": 0.6853266252166497, "recall": 0.6957202770586919, "f1-score": 0.6855860980593462, "support": 2419}, "weighted avg": {"precision": 0.7112554001569759, "recall": 0.6936750723439438, "f1-score": 0.6978237988455801, "support": 2419}}
