{"0": {"precision": 1.0, "recall": 0.0031446540880503146, "f1-score": 0.006269592476489028, "support": 318}, "1": {"precision": 0.8256325632563256, "recall": 1.0, "f1-score": 0.904489304007231, "support": 1501}, "accuracy": 0.8257284222100055, "macro avg": {"precision": 0.9128162816281629, "recall": 0.5015723270440252, "f1-score": 0.45537944824186005, "support": 1819}, "weighted avg": {"precision": 0.8561157105265227, "recall": 0.8257284222100055, "f1-score": 0.7474613390447373, "support": 1819}}
