{"0": {"precision": 0.23504273504273504, "recall": 0.18456375838926176, "f1-score": 0.2067669172932331, "support": 298}, "1": {"precision": 0.8466876971608833, "recall": 0.8823142669296515, "f1-score": 0.8641339343206696, "support": 1521}, "accuracy": 0.7680043980208906, "macro avg": {"precision": 0.5408652161018092, "recall": 0.5334390126594566, "f1-score": 0.5354504258069513, "support": 1819}, "weighted avg": {"precision": 0.7464841794526875, "recall": 0.7680043980208906, "f1-score": 0.7564399425261803, "support": 1819}}
