{"0": {"precision": 0.3783783783783784, "recall": 0.04590163934426229, "f1-score": 0.08187134502923976, "support": 305}, "1": {"precision": 0.8367003367003367, "recall": 0.9848084544253632, "f1-score": 0.9047330097087379, "support": 1514}, "accuracy": 0.8273776800439802, "macro avg": {"precision": 0.6075393575393575, "recall": 0.5153550468848128, "f1-score": 0.49330217736898885, "support": 1819}, "weighted avg": {"precision": 0.7598514102087494, "recall": 0.8273776800439802, "f1-score": 0.7667600532891409, "support": 1819}}
