{"0.0": {"precision": 0.5943312666076174, "recall": 0.7547806524184477, "f1-score": 0.6650148662041625, "support": 889}, "1.0": {"precision": 0.8310077519379845, "recall": 0.7006535947712418, "f1-score": 0.7602836879432623, "support": 1530}, "accuracy": 0.7205456800330715, "macro avg": {"precision": 0.7126695092728009, "recall": 0.7277171235948448, "f1-score": 0.7126492770737124, "support": 2419}, "weighted avg": {"precision": 0.7440274313680396, "recall": 0.7205456800330715, "f1-score": 0.7252717067419148, "support": 2419}}
