{"0": {"precision": 0.0, "recall": 0.0, "f1-score": 0.0, "support": 292}, "1": {"precision": 0.839472237493128, "recall": 1.0, "f1-score": 0.9127316198445905, "support": 1527}, "accuracy": 0.839472237493128, "macro avg": {"precision": 0.419736118746564, "recall": 0.5, "f1-score": 0.45636580992229525, "support": 1819}, "weighted avg": {"precision": 0.7047136375217188, "recall": 0.839472237493128, "f1-score": 0.7662128551416656, "support": 1819}}
