{"0": {"precision": 0.0, "recall": 0.0, "f1-score": 0.0, "support": 282}, "1": {"precision": 0.8449697636063771, "recall": 1.0, "f1-score": 0.9159713945172825, "support": 1537}, "accuracy": 0.8449697636063771, "macro avg": {"precision": 0.42248488180318855, "recall": 0.5, "f1-score": 0.45798569725864124, "support": 1819}, "weighted avg": {"precision": 0.7139739014090167, "recall": 0.8449697636063771, "f1-score": 0.7739681326954717, "support": 1819}}
