{"0.0": {"precision": 0.5845323741007195, "recall": 0.7027027027027027, "f1-score": 0.6381934216985764, "support": 925}, "1.0": {"precision": 0.7895944912012242, "recall": 0.6907630522088354, "f1-score": 0.7368796858264905, "support": 1494}, "accuracy": 0.6953286482017362, "macro avg": {"precision": 0.6870634326509718, "recall": 0.6967328774557691, "f1-score": 0.6875365537625335, "support": 2419}, "weighted avg": {"precision": 0.7111809077708947, "recall": 0.6953286482017362, "f1-score": 0.699143102809409, "support": 2419}}
