{"0": {"precision": 0.4, "recall": 0.019801980198019802, "f1-score": 0.03773584905660377, "support": 303}, "1": {"precision": 0.8353658536585366, "recall": 0.9940633245382586, "f1-score": 0.9078313253012048, "support": 1516}, "accuracy": 0.8317757009345794, "macro avg": {"precision": 0.6176829268292683, "recall": 0.5069326523681392, "f1-score": 0.4727835871789043, "support": 1819}, "weighted avg": {"precision": 0.7628447686346022, "recall": 0.8317757009345794, "f1-score": 0.762895135470466, "support": 1819}}
