{"0": {"precision": 0.0, "recall": 0.0, "f1-score": 0.0, "support": 320}, "1": {"precision": 0.8240791643760308, "recall": 1.0, "f1-score": 0.9035563592525618, "support": 1499}, "accuracy": 0.8240791643760308, "macro avg": {"precision": 0.4120395821880154, "recall": 0.5, "f1-score": 0.4517781796262809, "support": 1819}, "weighted avg": {"precision": 0.6791064691586971, "recall": 0.8240791643760308, "f1-score": 0.7446019694994997, "support": 1819}}
