{"0": {"precision": 0.25, "recall": 0.0029850746268656717, "f1-score": 0.005899705014749263, "support": 335}, "1": {"precision": 0.8159779614325069, "recall": 0.9979784366576819, "f1-score": 0.8978478326765686, "support": 1484}, "accuracy": 0.8147333699835074, "macro avg": {"precision": 0.5329889807162534, "recall": 0.5004817556422738, "f1-score": 0.45187376884565894, "support": 1819}, "weighted avg": {"precision": 0.7117434275788017, "recall": 0.8147333699835074, "f1-score": 0.73358031053984, "support": 1819}}
