{"0": {"precision": 0.24, "recall": 0.20761245674740483, "f1-score": 0.22263450834879406, "support": 289}, "1": {"precision": 0.8540471637985978, "recall": 0.8758169934640523, "f1-score": 0.8647950951919974, "support": 1530}, "accuracy": 0.7696536558548653, "macro avg": {"precision": 0.5470235818992989, "recall": 0.5417147251057286, "f1-score": 0.5437148017703957, "support": 1819}, "weighted avg": {"precision": 0.756488268615643, "recall": 0.7696536558548653, "f1-score": 0.7627695813944791, "support": 1819}}
