{"0": {"precision": 0.3333333333333333, "recall": 0.023026315789473683, "f1-score": 0.043076923076923075, "support": 304}, "1": {"precision": 0.8348164627363738, "recall": 0.9907590759075907, "f1-score": 0.9061273769996981, "support": 1515}, "accuracy": 0.8290269378779549, "macro avg": {"precision": 0.5840748980348536, "recall": 0.5068926958485322, "f1-score": 0.47460215003831063, "support": 1819}, "weighted avg": {"precision": 0.7510061981192631, "recall": 0.8290269378779549, "f1-score": 0.7618902478119446, "support": 1819}}
