{"0": {"precision": 0.5, "recall": 0.009316770186335404, "f1-score": 0.01829268292682927, "support": 322}, "1": {"precision": 0.8240485383342526, "recall": 0.9979959919839679, "f1-score": 0.9027190332326285, "support": 1497}, "accuracy": 0.822979659153381, "macro avg": {"precision": 0.6620242691671263, "recall": 0.5036563810851516, "f1-score": 0.4605058580797289, "support": 1819}, "weighted avg": {"precision": 0.7666853556274745, "recall": 0.822979659153381, "f1-score": 0.7461575792477646, "support": 1819}}
