{"0.0": {"precision": 0.5924256086564472, "recall": 0.7373737373737373, "f1-score": 0.657, "support": 891}, "1.0": {"precision": 0.8213740458015267, "recall": 0.7041884816753927, "f1-score": 0.758280479210712, "support": 1528}, "accuracy": 0.7164117403885903, "macro avg": {"precision": 0.706899827228987, "recall": 0.7207811095245651, "f1-score": 0.707640239605356, "support": 2419}, "weighted avg": {"precision": 0.7370445470432523, "recall": 0.7164117403885903, "f1-score": 0.7209754329202018, "support": 2419}}
