{"0.0": {"precision": 0.5800524934383202, "recall": 0.7129032258064516, "f1-score": 0.6396526772793053, "support": 930}, "1.0": {"precision": 0.7907523510971787, "recall": 0.6776359973136333, "f1-score": 0.7298372513562387, "support": 1489}, "accuracy": 0.6911947085572551, "macro avg": {"precision": 0.6854024222677495, "recall": 0.6952696115600425, "f1-score": 0.684744964317772, "support": 2419}, "weighted avg": {"precision": 0.7097474450935662, "recall": 0.6911947085572551, "f1-score": 0.6951652158491911, "support": 2419}}
