{"0": {"precision": 0.45901639344262296, "recall": 0.09523809523809523, "f1-score": 0.15774647887323945, "support": 294}, "1": {"precision": 0.8486916951080774, "recall": 0.9783606557377049, "f1-score": 0.9089247639354249, "support": 1525}, "accuracy": 0.8356239692138537, "macro avg": {"precision": 0.6538540442753502, "recall": 0.5367993754879001, "f1-score": 0.5333356214043321, "support": 1819}, "weighted avg": {"precision": 0.7857095407982129, "recall": 0.8356239692138537, "f1-score": 0.7875138701430761, "support": 1819}}
