{"0": {"precision": 0.17061611374407584, "recall": 0.125, "f1-score": 0.14428857715430862, "support": 288}, "1": {"precision": 0.8432835820895522, "recall": 0.8856956237753103, "f1-score": 0.8639694170117872, "support": 1531}, "accuracy": 0.7652556349642661, "macro avg": {"precision": 0.5069498479168141, "recall": 0.5053478118876551, "f1-score": 0.5041289970830479, "support": 1819}, "weighted avg": {"precision": 0.7367809812739958, "recall": 0.7652556349642661, "f1-score": 0.7500232477545283, "support": 1819}}
