{"0": {"precision": 0.5714285714285714, "recall": 0.01282051282051282, "f1-score": 0.025078369905956112, "support": 312}, "1": {"precision": 0.8300220750551877, "recall": 0.9980092899800929, "f1-score": 0.9062970774329618, "support": 1507}, "accuracy": 0.8290269378779549, "macro avg": {"precision": 0.7007253232418795, "recall": 0.5054149014003029, "f1-score": 0.465687723669459, "support": 1819}, "weighted avg": {"precision": 0.7856673894413865, "recall": 0.8290269378779549, "f1-score": 0.7551479643222275, "support": 1819}}
