{"0": {"precision": 0.0, "recall": 0.0, "f1-score": 0.0, "support": 284}, "1": {"precision": 0.8438702583837273, "recall": 1.0, "f1-score": 0.915324985092427, "support": 1535}, "accuracy": 0.8438702583837273, "macro avg": {"precision": 0.42193512919186366, "recall": 0.5, "f1-score": 0.4576624925462135, "support": 1819}, "weighted avg": {"precision": 0.7121170129846187, "recall": 0.8438702583837273, "f1-score": 0.7724155316750276, "support": 1819}}
