{"0.0": {"precision": 0.561864406779661, "recall": 0.7391304347826086, "f1-score": 0.6384207992296581, "support": 897}, "1.0": {"precision": 0.8111380145278451, "recall": 0.6603153745072273, "f1-score": 0.7279971024990944, "support": 1522}, "accuracy": 0.6895411326994626, "macro avg": {"precision": 0.686501210653753, "recall": 0.699722904644918, "f1-score": 0.6832089508643763, "support": 2419}, "weighted avg": {"precision": 0.7187037746972865, "recall": 0.6895411326994626, "f1-score": 0.6947809205922385, "support": 2419}}
