{"0": {"precision": 0.25, "recall": 0.006557377049180328, "f1-score": 0.012779552715654953, "support": 305}, "1": {"precision": 0.8326891220320265, "recall": 0.9960369881109643, "f1-score": 0.9070676691729324, "support": 1514}, "accuracy": 0.8301264431006047, "macro avg": {"precision": 0.5413445610160132, "recall": 0.5012971825800723, "f1-score": 0.4599236109442937, "support": 1819}, "weighted avg": {"precision": 0.7349869877715712, "recall": 0.8301264431006047, "f1-score": 0.7571183148466709, "support": 1819}}
