{"0": {"precision": 0.0, "recall": 0.0, "f1-score": 0.0, "support": 312}, "1": {"precision": 0.8284771852666301, "recall": 1.0, "f1-score": 0.9061936259771498, "support": 1507}, "accuracy": 0.8284771852666301, "macro avg": {"precision": 0.41423859263331503, "recall": 0.5, "f1-score": 0.4530968129885749, "support": 1819}, "weighted avg": {"precision": 0.686374446507318, "recall": 0.8284771852666301, "f1-score": 0.7507607445561104, "support": 1819}}
