{"0": {"precision": 0.1, "recall": 0.009615384615384616, "f1-score": 0.01754385964912281, "support": 312}, "1": {"precision": 0.8272778088317496, "recall": 0.9820836098208361, "f1-score": 0.8980582524271845, "support": 1507}, "accuracy": 0.8152831225948324, "macro avg": {"precision": 0.4636389044158748, "recall": 0.49584949721811034, "f1-score": 0.4578010560381537, "support": 1819}, "weighted avg": {"precision": 0.7025330719678101, "recall": 0.8152831225948324, "f1-score": 0.7470299453646472, "support": 1819}}
