{"0": {"precision": 0.0, "recall": 0.0, "f1-score": 0.0, "support": 334}, "1": {"precision": 0.8163826278174822, "recall": 1.0, "f1-score": 0.898910411622276, "support": 1485}, "accuracy": 0.8163826278174822, "macro avg": {"precision": 0.4081913139087411, "recall": 0.5, "f1-score": 0.449455205811138, "support": 1819}, "weighted avg": {"precision": 0.6664805950021775, "recall": 0.8163826278174822, "f1-score": 0.7338548440126882, "support": 1819}}
