{"0.0": {"precision": 0.581758422350041, "recall": 0.7645788336933045, "f1-score": 0.6607559496033597, "support": 926}, "1.0": {"precision": 0.8186356073211315, "recall": 0.6590756865371735, "f1-score": 0.7302411873840446, "support": 1493}, "accuracy": 0.6994625878462174, "macro avg": {"precision": 0.7001970148355863, "recall": 0.711827260115239, "f1-score": 0.6954985684937022, "support": 2419}, "weighted avg": {"precision": 0.7279583550337276, "recall": 0.6994625878462174, "f1-score": 0.7036420430331086, "support": 2419}}
