{"0.0": {"precision": 0.5637755102040817, "recall": 0.7399553571428571, "f1-score": 0.63996138996139, "support": 896}, "1.0": {"precision": 0.8125502815768303, "recall": 0.6631648063033486, "f1-score": 0.730296456977585, "support": 1523}, "accuracy": 0.6916081025217032, "macro avg": {"precision": 0.688162895890456, "recall": 0.7015600817231029, "f1-score": 0.6851289234694875, "support": 2419}, "weighted avg": {"precision": 0.7204038594395906, "recall": 0.6916081025217032, "f1-score": 0.6968362585292549, "support": 2419}}
