{"0.0": {"precision": 0.5900939368061486, "recall": 0.7398286937901499, "f1-score": 0.6565320665083135, "support": 934}, "1.0": {"precision": 0.8052884615384616, "recall": 0.6767676767676768, "f1-score": 0.7354555433589463, "support": 1485}, "accuracy": 0.70111616370401, "macro avg": {"precision": 0.6976911991723052, "recall": 0.7082981852789134, "f1-score": 0.6959938049336298, "support": 2419}, "weighted avg": {"precision": 0.7221997116004789, "recall": 0.70111616370401, "f1-score": 0.7049824026485324, "support": 2419}}
