{"0": {"precision": 0.20270270270270271, "recall": 0.09404388714733543, "f1-score": 0.1284796573875803, "support": 319}, "1": {"precision": 0.827049670855775, "recall": 0.9213333333333333, "f1-score": 0.8716493219804478, "support": 1500}, "accuracy": 0.7762506871907642, "macro avg": {"precision": 0.5148761867792389, "recall": 0.5076886102403344, "f1-score": 0.5000644896840141, "support": 1819}, "weighted avg": {"precision": 0.7175572668751097, "recall": 0.7762506871907642, "f1-score": 0.741318853038653, "support": 1819}}
