{"0.0": {"precision": 0.5824652777777778, "recall": 0.7381738173817382, "f1-score": 0.651140223192625, "support": 909}, "1.0": {"precision": 0.8121546961325967, "recall": 0.6814569536423841, "f1-score": 0.7410875045012603, "support": 1510}, "accuracy": 0.7027697395618024, "macro avg": {"precision": 0.6973099869551873, "recall": 0.7098153855120611, "f1-score": 0.6961138638469426, "support": 2419}, "weighted avg": {"precision": 0.7258431288384543, "recall": 0.7027697395618024, "f1-score": 0.7072875546420004, "support": 2419}}
