{"0": {"precision": 0.14285714285714285, "recall": 0.0064516129032258064, "f1-score": 0.01234567901234568, "support": 310}, "1": {"precision": 0.8293628808864266, "recall": 0.9920477137176938, "f1-score": 0.9034399517199759, "support": 1509}, "accuracy": 0.8240791643760308, "macro avg": {"precision": 0.4861100118717847, "recall": 0.49924966331045983, "f1-score": 0.45789281536616083, "support": 1819}, "weighted avg": {"precision": 0.7123663010133766, "recall": 0.8240791643760308, "f1-score": 0.7515767166790934, "support": 1819}}
