{"0.0": {"precision": 0.5570032573289903, "recall": 0.7574750830564784, "f1-score": 0.641952135147818, "support": 903}, "1.0": {"precision": 0.8161209068010076, "recall": 0.6411609498680739, "f1-score": 0.7181381603250832, "support": 1516}, "accuracy": 0.6845804051260852, "macro avg": {"precision": 0.6865620820649989, "recall": 0.6993180164622761, "f1-score": 0.6800451477364506, "support": 2419}, "weighted avg": {"precision": 0.7193936486475426, "recall": 0.6845804051260852, "f1-score": 0.6896983171109159, "support": 2419}}
