{"0": {"precision": 0.30612244897959184, "recall": 0.050335570469798654, "f1-score": 0.08645533141210375, "support": 298}, "1": {"precision": 0.8401129943502825, "recall": 0.977646285338593, "f1-score": 0.9036766940139775, "support": 1521}, "accuracy": 0.8257284222100055, "macro avg": {"precision": 0.5731177216649372, "recall": 0.5139909279041959, "f1-score": 0.4950660127130406, "support": 1819}, "weighted avg": {"precision": 0.7526313107216591, "recall": 0.8257284222100055, "f1-score": 0.7697943597339564, "support": 1819}}
