{"0.0": {"precision": 0.564873417721519, "recall": 0.8031496062992126, "f1-score": 0.6632605666511844, "support": 889}, "1.0": {"precision": 0.8484848484848485, "recall": 0.6405228758169934, "f1-score": 0.7299813780260707, "support": 1530}, "accuracy": 0.7002893757751136, "macro avg": {"precision": 0.7066791331031838, "recall": 0.721836241058103, "f1-score": 0.6966209723386275, "support": 2419}, "weighted avg": {"precision": 0.7442555959223848, "recall": 0.7002893757751136, "f1-score": 0.7054609971611373, "support": 2419}}
