{"0.0": {"precision": 0.55470737913486, "recall": 0.7147540983606557, "f1-score": 0.6246418338108882, "support": 915}, "1.0": {"precision": 0.7895161290322581, "recall": 0.6509308510638298, "f1-score": 0.7135568513119533, "support": 1504}, "accuracy": 0.6750723439437785, "macro avg": {"precision": 0.672111754083559, "recall": 0.6828424747122428, "f1-score": 0.6690993425614208, "support": 2419}, "weighted avg": {"precision": 0.7006984332256772, "recall": 0.6750723439437785, "f1-score": 0.679924258912832, "support": 2419}}
