{"0": {"precision": 0.0, "recall": 0.0, "f1-score": 0.0, "support": 297}, "1": {"precision": 0.8367234744365035, "recall": 1.0, "f1-score": 0.911104459742592, "support": 1522}, "accuracy": 0.8367234744365035, "macro avg": {"precision": 0.41836173721825176, "recall": 0.5, "f1-score": 0.455552229871296, "support": 1819}, "weighted avg": {"precision": 0.7001061726730942, "recall": 0.8367234744365035, "f1-score": 0.7623424891304151, "support": 1819}}
