{"0.0": {"precision": 0.5840266222961731, "recall": 0.7389473684210527, "f1-score": 0.6524163568773235, "support": 950}, "1.0": {"precision": 0.7962202136400987, "recall": 0.6596324029952348, "f1-score": 0.7215189873417721, "support": 1469}, "accuracy": 0.6907813145928069, "macro avg": {"precision": 0.6901234179681359, "recall": 0.6992898857081438, "f1-score": 0.6869676721095478, "support": 2419}, "weighted avg": {"precision": 0.7128866411817566, "recall": 0.6907813145928069, "f1-score": 0.6943807074983549, "support": 2419}}
