{"0.0": {"precision": 0.5884194053208138, "recall": 0.7857889237199582, "f1-score": 0.672930648769575, "support": 957}, "1.0": {"precision": 0.820333041191937, "recall": 0.640218878248974, "f1-score": 0.7191701882443334, "support": 1462}, "accuracy": 0.6978090119884249, "macro avg": {"precision": 0.7043762232563754, "recall": 0.7130039009844662, "f1-score": 0.6960504185069543, "support": 2419}, "weighted avg": {"precision": 0.7285838268353164, "recall": 0.6978090119884249, "f1-score": 0.70087699300773, "support": 2419}}
