{"0.0": {"precision": 0.5657298277425205, "recall": 0.6645367412140575, "f1-score": 0.6111655239960823, "support": 939}, "1.0": {"precision": 0.7606382978723404, "recall": 0.6763513513513514, "f1-score": 0.7160228898426324, "support": 1480}, "accuracy": 0.6717651922281934, "macro avg": {"precision": 0.6631840628074304, "recall": 0.6704440462827044, "f1-score": 0.6635942069193573, "support": 2419}, "weighted avg": {"precision": 0.6849793257963168, "recall": 0.6717651922281934, "f1-score": 0.6753196792060426, "support": 2419}}
