{"0.0": {"precision": 0.5646900269541779, "recall": 0.4515086206896552, "f1-score": 0.5017964071856287, "support": 928}, "1.0": {"precision": 0.6964818127608825, "recall": 0.7833668678739101, "f1-score": 0.7373737373737375, "support": 1491}, "accuracy": 0.656056221579165, "macro avg": {"precision": 0.6305859198575302, "recall": 0.6174377442817827, "f1-score": 0.6195850722796831, "support": 2419}, "weighted avg": {"precision": 0.6459225828193274, "recall": 0.656056221579165, "f1-score": 0.6469993006583323, "support": 2419}}
