{"0.0": {"precision": 0.5885509838998211, "recall": 0.7098166127292341, "f1-score": 0.6435207823960879, "support": 927}, "1.0": {"precision": 0.7932359723289777, "recall": 0.6916890080428955, "f1-score": 0.7389903329752955, "support": 1492}, "accuracy": 0.6986357999173212, "macro avg": {"precision": 0.6908934781143994, "recall": 0.7007528103860647, "f1-score": 0.6912555576856917, "support": 2419}, "weighted avg": {"precision": 0.7147973678338028, "recall": 0.6986357999173212, "f1-score": 0.702404854105132, "support": 2419}}
