{"0.0": {"precision": 0.579496090356212, "recall": 0.7164339419978518, "f1-score": 0.6407300672430356, "support": 931}, "1.0": {"precision": 0.7917981072555205, "recall": 0.6747311827956989, "f1-score": 0.7285921625544266, "support": 1488}, "accuracy": 0.6907813145928069, "macro avg": {"precision": 0.6856470988058663, "recall": 0.6955825623967753, "f1-score": 0.6846611148987312, "support": 2419}, "weighted avg": {"precision": 0.710089476526601, "recall": 0.6907813145928069, "f1-score": 0.6947766971824113, "support": 2419}}
