{"0.0": {"precision": 0.5776450511945392, "recall": 0.7407002188183808, "f1-score": 0.6490891658676895, "support": 914}, "1.0": {"precision": 0.809943865276664, "recall": 0.6710963455149501, "f1-score": 0.7340116279069766, "support": 1505}, "accuracy": 0.6973956180239769, "macro avg": {"precision": 0.6937944582356016, "recall": 0.7058982821666655, "f1-score": 0.6915503968873331, "support": 2419}, "weighted avg": {"precision": 0.7221715973679984, "recall": 0.6973956180239769, "f1-score": 0.7019243479136288, "support": 2419}}
