{"0.0": {"precision": 0.5375, "recall": 0.048478015783540024, "f1-score": 0.0889348500517063, "support": 887}, "1.0": {"precision": 0.639162035057717, "recall": 0.9758485639686684, "f1-score": 0.7724102299147508, "support": 1532}, "accuracy": 0.6357999173212071, "macro avg": {"precision": 0.5883310175288585, "recall": 0.5121632898761042, "f1-score": 0.4306725399832286, "support": 2419}, "weighted avg": {"precision": 0.6018845546541639, "recall": 0.6357999173212071, "f1-score": 0.5217931724784051, "support": 2419}}
