{"0": {"precision": 0.25477707006369427, "recall": 0.12195121951219512, "f1-score": 0.16494845360824742, "support": 328}, "1": {"precision": 0.8267148014440433, "recall": 0.9215291750503019, "f1-score": 0.8715509039010467, "support": 1491}, "accuracy": 0.777350192413414, "macro avg": {"precision": 0.5407459357538688, "recall": 0.5217401972812485, "f1-score": 0.5182496787546471, "support": 1819}, "weighted avg": {"precision": 0.7235836437240023, "recall": 0.777350192413414, "f1-score": 0.7441371580538569, "support": 1819}}
