{"0": {"precision": 0.23863636363636365, "recall": 0.0711864406779661, "f1-score": 0.10966057441253264, "support": 295}, "1": {"precision": 0.8417099942229925, "recall": 0.9560367454068242, "f1-score": 0.8952380952380954, "support": 1524}, "accuracy": 0.8125343595382079, "macro avg": {"precision": 0.5401731789296781, "recall": 0.5136115930423951, "f1-score": 0.5024493348253141, "support": 1819}, "weighted avg": {"precision": 0.7439053097683166, "recall": 0.8125343595382079, "f1-score": 0.7678354736638562, "support": 1819}}
