{"0.0": {"precision": 0.585531914893617, "recall": 0.756043956043956, "f1-score": 0.6599520383693046, "support": 910}, "1.0": {"precision": 0.8215434083601286, "recall": 0.6772697150430749, "f1-score": 0.7424627678895751, "support": 1509}, "accuracy": 0.7069036792062836, "macro avg": {"precision": 0.7035376616268728, "recall": 0.7166568355435154, "f1-score": 0.7012074031294399, "support": 2419}, "weighted avg": {"precision": 0.7327585968452358, "recall": 0.7069036792062836, "f1-score": 0.7114231796864142, "support": 2419}}
