{"0": {"precision": 0.0, "recall": 0.0, "f1-score": 0.0, "support": 333}, "1": {"precision": 0.8158185840707964, "recall": 0.9925975773889637, "f1-score": 0.8955676988463874, "support": 1486}, "accuracy": 0.8108851017042331, "macro avg": {"precision": 0.4079092920353982, "recall": 0.49629878869448185, "f1-score": 0.4477838494231937, "support": 1819}, "weighted avg": {"precision": 0.6664686178830146, "recall": 0.8108851017042331, "f1-score": 0.7316182520537283, "support": 1819}}
