{"0.0": {"precision": 0.5381526104417671, "recall": 0.5988826815642458, "f1-score": 0.5668958223162348, "support": 895}, "1.0": {"precision": 0.7477160927617709, "recall": 0.6981627296587927, "f1-score": 0.7220902612826603, "support": 1524}, "accuracy": 0.6614303431169904, "macro avg": {"precision": 0.6429343516017689, "recall": 0.6485227056115193, "f1-score": 0.6444930417994476, "support": 2419}, "weighted avg": {"precision": 0.6701802032717322, "recall": 0.6614303431169904, "f1-score": 0.6646702435584144, "support": 2419}}
