{"0.0": {"precision": 0.5568760611205433, "recall": 0.7084233261339092, "f1-score": 0.623574144486692, "support": 926}, "1.0": {"precision": 0.782433521353747, "recall": 0.6503683858004019, "f1-score": 0.7103145574250183, "support": 1493}, "accuracy": 0.6725919801570897, "macro avg": {"precision": 0.6696547912371451, "recall": 0.6793958559671556, "f1-score": 0.6669443509558551, "support": 2419}, "weighted avg": {"precision": 0.6960894915166462, "recall": 0.6725919801570897, "f1-score": 0.6771100835180773, "support": 2419}}
