{"0": {"precision": 0.0, "recall": 0.0, "f1-score": 0.0, "support": 327}, "1": {"precision": 0.8202308960967565, "recall": 1.0, "f1-score": 0.9012382965871338, "support": 1492}, "accuracy": 0.8202308960967565, "macro avg": {"precision": 0.41011544804837824, "recall": 0.5, "f1-score": 0.4506191482935669, "support": 1819}, "weighted avg": {"precision": 0.6727787229116882, "recall": 0.8202308960967565, "f1-score": 0.7392234956063791, "support": 1819}}
