{"0": {"precision": 0.3684210526315789, "recall": 0.021021021021021023, "f1-score": 0.03977272727272727, "support": 333}, "1": {"precision": 0.8188888888888889, "recall": 0.9919246298788694, "f1-score": 0.8971393791844187, "support": 1486}, "accuracy": 0.8141836173721825, "macro avg": {"precision": 0.5936549707602339, "recall": 0.5064728254499452, "f1-score": 0.468456053228573, "support": 1819}, "weighted avg": {"precision": 0.7364228144118773, "recall": 0.8141836173721825, "f1-score": 0.7401833071192218, "support": 1819}}
