{"0": {"precision": 0.25806451612903225, "recall": 0.22695035460992907, "f1-score": 0.24150943396226415, "support": 282}, "1": {"precision": 0.8612348822406111, "recall": 0.8802862719583604, "f1-score": 0.8706563706563706, "support": 1537}, "accuracy": 0.7789994502473887, "macro avg": {"precision": 0.5596496991848217, "recall": 0.5536183132841448, "f1-score": 0.5560829023093173, "support": 1819}, "weighted avg": {"precision": 0.767725237796705, "recall": 0.7789994502473887, "f1-score": 0.7731195723343595, "support": 1819}}
