{"0": {"precision": 0.21739130434782608, "recall": 0.01567398119122257, "f1-score": 0.02923976608187134, "support": 319}, "1": {"precision": 0.8251670378619154, "recall": 0.988, "f1-score": 0.8992718446601942, "support": 1500}, "accuracy": 0.817482133040132, "macro avg": {"precision": 0.5212791711048708, "recall": 0.5018369905956113, "f1-score": 0.4642558053710327, "support": 1819}, "weighted avg": {"precision": 0.7185807492467452, "recall": 0.817482133040132, "f1-score": 0.7466933767841717, "support": 1819}}
