{"0": {"precision": 0.14285714285714285, "recall": 0.006211180124223602, "f1-score": 0.011904761904761904, "support": 322}, "1": {"precision": 0.8227146814404432, "recall": 0.9919839679358717, "f1-score": 0.8994548758328286, "support": 1497}, "accuracy": 0.817482133040132, "macro avg": {"precision": 0.4827859121487931, "recall": 0.4990975740300477, "f1-score": 0.4556798188687952, "support": 1819}, "weighted avg": {"precision": 0.702366068233284, "recall": 0.817482133040132, "f1-score": 0.7423404521468266, "support": 1819}}
