{"0.0": {"precision": 0.577623590633131, "recall": 0.7408231368186874, "f1-score": 0.6491228070175439, "support": 899}, "1.0": {"precision": 0.815955766192733, "recall": 0.6796052631578947, "f1-score": 0.7415649676956211, "support": 1520}, "accuracy": 0.7023563455973543, "macro avg": {"precision": 0.6967896784129319, "recall": 0.710214199988291, "f1-score": 0.6953438873565825, "support": 2419}, "weighted avg": {"precision": 0.727381716656527, "recall": 0.7023563455973543, "f1-score": 0.7072096545705316, "support": 2419}}
