{"0.0": {"precision": 0.564021164021164, "recall": 0.6063708759954494, "f1-score": 0.5844298245614035, "support": 879}, "1.0": {"precision": 0.7652645861601085, "recall": 0.7324675324675325, "f1-score": 0.7485069674850696, "support": 1540}, "accuracy": 0.6866473749483257, "macro avg": {"precision": 0.6646428750906362, "recall": 0.6694192042314909, "f1-score": 0.6664683960232365, "support": 2419}, "weighted avg": {"precision": 0.692138100810736, "recall": 0.6866473749483257, "f1-score": 0.6888857154677474, "support": 2419}}
