{"0.0": {"precision": 0.560556464811784, "recall": 0.7810718358038768, "f1-score": 0.6526917579799905, "support": 877}, "1.0": {"precision": 0.8395989974937343, "recall": 0.6517509727626459, "f1-score": 0.7338444687842278, "support": 1542}, "accuracy": 0.6986357999173212, "macro avg": {"precision": 0.7000777311527592, "recall": 0.7164114042832614, "f1-score": 0.6932681133821091, "support": 2419}, "weighted avg": {"precision": 0.7384331020154083, "recall": 0.6986357999173212, "f1-score": 0.7044228369630968, "support": 2419}}
