{"0.0": {"precision": 0.572463768115942, "recall": 0.7762008733624454, "f1-score": 0.6589434661723819, "support": 916}, "1.0": {"precision": 0.8258283772302464, "recall": 0.6467065868263473, "f1-score": 0.7253731343283581, "support": 1503}, "accuracy": 0.6957420421661844, "macro avg": {"precision": 0.6991460726730943, "recall": 0.7114537300943964, "f1-score": 0.69215830025037, "support": 2419}, "weighted avg": {"precision": 0.7298870866354953, "recall": 0.6957420421661844, "f1-score": 0.7002182868579677, "support": 2419}}
