{"0": {"precision": 0.2857142857142857, "recall": 0.006153846153846154, "f1-score": 0.012048192771084336, "support": 325}, "1": {"precision": 0.8217439293598234, "recall": 0.9966532797858099, "f1-score": 0.9007864488808227, "support": 1494}, "accuracy": 0.8196811434854315, "macro avg": {"precision": 0.5537291075370545, "recall": 0.501403562969828, "f1-score": 0.45641732082595354, "support": 1819}, "weighted avg": {"precision": 0.7259717280487736, "recall": 0.8196811434854315, "f1-score": 0.741995941329605, "support": 1819}}
