{"0": {"precision": 0.0, "recall": 0.0, "f1-score": 0.0, "support": 329}, "1": {"precision": 0.8191313908741067, "recall": 1.0, "f1-score": 0.9005741915986704, "support": 1490}, "accuracy": 0.8191313908741067, "macro avg": {"precision": 0.40956569543705335, "recall": 0.5, "f1-score": 0.4502870957993352, "support": 1819}, "weighted avg": {"precision": 0.6709762355153485, "recall": 0.8191313908741067, "f1-score": 0.7376885901495431, "support": 1819}}
