{"0": {"precision": 0.0, "recall": 0.0, "f1-score": 0.0, "support": 308}, "1": {"precision": 0.8303030303030303, "recall": 0.9973527465254798, "f1-score": 0.9061936259771497, "support": 1511}, "accuracy": 0.8284771852666301, "macro avg": {"precision": 0.41515151515151516, "recall": 0.4986763732627399, "f1-score": 0.45309681298857485, "support": 1819}, "weighted avg": {"precision": 0.6897129625002082, "recall": 0.8284771852666301, "f1-score": 0.7527534738050979, "support": 1819}}
