{"0.0": {"precision": 0.6062176165803109, "recall": 0.763873775843308, "f1-score": 0.6759749638902263, "support": 919}, "1.0": {"precision": 0.8279143536875495, "recall": 0.696, "f1-score": 0.7562477363274175, "support": 1500}, "accuracy": 0.7217858619264159, "macro avg": {"precision": 0.7170659851339303, "recall": 0.7299368879216539, "f1-score": 0.7161113501088219, "support": 2419}, "weighted avg": {"precision": 0.7436897561672716, "recall": 0.7217858619264159, "f1-score": 0.7257513833428045, "support": 2419}}
