{"0.0": {"precision": 0.6020942408376964, "recall": 0.7286166842661035, "f1-score": 0.6593406593406593, "support": 947}, "1.0": {"precision": 0.798114689709348, "recall": 0.6902173913043478, "f1-score": 0.740255009107468, "support": 1472}, "accuracy": 0.7052501033484911, "macro avg": {"precision": 0.7001044652735222, "recall": 0.7094170377852256, "f1-score": 0.6997978342240636, "support": 2419}, "weighted avg": {"precision": 0.7213758037724096, "recall": 0.7052501033484911, "f1-score": 0.7085783289796599, "support": 2419}}
