{"0.0": {"precision": 0.5755711775043937, "recall": 0.7443181818181818, "f1-score": 0.6491575817641229, "support": 880}, "1.0": {"precision": 0.8243559718969555, "recall": 0.6861598440545809, "f1-score": 0.7489361702127659, "support": 1539}, "accuracy": 0.7073170731707317, "macro avg": {"precision": 0.6999635747006746, "recall": 0.7152390129363813, "f1-score": 0.6990468759884444, "support": 2419}, "weighted avg": {"precision": 0.7338513753424063, "recall": 0.7073170731707317, "f1-score": 0.7126380479164427, "support": 2419}}
