{"0.0": {"precision": 0.5897435897435898, "recall": 0.7370165745856354, "f1-score": 0.6552062868369353, "support": 905}, "1.0": {"precision": 0.8152173913043478, "recall": 0.6935270805812418, "f1-score": 0.7494646680942185, "support": 1514}, "accuracy": 0.7097974369574204, "macro avg": {"precision": 0.7024804905239688, "recall": 0.7152718275834387, "f1-score": 0.7023354774655769, "support": 2419}, "weighted avg": {"precision": 0.7308627859250646, "recall": 0.7097974369574204, "f1-score": 0.714200577545297, "support": 2419}}
