{"0": {"precision": 0.22727272727272727, "recall": 0.015337423312883436, "f1-score": 0.028735632183908046, "support": 326}, "1": {"precision": 0.8213689482470785, "recall": 0.9886135298057602, "f1-score": 0.8972644376899696, "support": 1493}, "accuracy": 0.8141836173721825, "macro avg": {"precision": 0.5243208377599029, "recall": 0.5019754765593218, "f1-score": 0.4630000349369388, "support": 1819}, "weighted avg": {"precision": 0.7148954089190749, "recall": 0.8141836173721825, "f1-score": 0.7416072685888282, "support": 1819}}
