{"0.0": {"precision": 0.5827526132404182, "recall": 0.7400442477876106, "f1-score": 0.652046783625731, "support": 904}, "1.0": {"precision": 0.8151062155782848, "recall": 0.6838283828382838, "f1-score": 0.7437185929648241, "support": 1515}, "accuracy": 0.704836709384043, "macro avg": {"precision": 0.6989294144093514, "recall": 0.7119363153129472, "f1-score": 0.6978826882952776, "support": 2419}, "weighted avg": {"precision": 0.7282737821291606, "recall": 0.704836709384043, "f1-score": 0.709460091252323, "support": 2419}}
