{"0.0": {"precision": 0.5792933442892358, "recall": 0.7921348314606742, "f1-score": 0.6691979117228287, "support": 890}, "1.0": {"precision": 0.846089850249584, "recall": 0.6651406147809026, "f1-score": 0.7447821310875138, "support": 1529}, "accuracy": 0.711864406779661, "macro avg": {"precision": 0.7126915972694099, "recall": 0.7286377231207883, "f1-score": 0.7069900214051712, "support": 2419}, "weighted avg": {"precision": 0.7479299121327134, "recall": 0.711864406779661, "f1-score": 0.7169731376048475, "support": 2419}}
