{"0.0": {"precision": 0.5850451930977815, "recall": 0.7919911012235817, "f1-score": 0.6729678638941399, "support": 899}, "1.0": {"precision": 0.8444259567387687, "recall": 0.6677631578947368, "f1-score": 0.745775165319618, "support": 1520}, "accuracy": 0.7139313766019016, "macro avg": {"precision": 0.7147355749182751, "recall": 0.7298771295591593, "f1-score": 0.7093715146068789, "support": 2419}, "weighted avg": {"precision": 0.7480293852161364, "recall": 0.7139313766019016, "f1-score": 0.7187169743392522, "support": 2419}}
