{"0": {"precision": 0.24390243902439024, "recall": 0.09740259740259741, "f1-score": 0.13921113689095127, "support": 308}, "1": {"precision": 0.8360849056603774, "recall": 0.9384513567174056, "f1-score": 0.8843155597131276, "support": 1511}, "accuracy": 0.7960417811984607, "macro avg": {"precision": 0.5399936723423838, "recall": 0.5179269770600016, "f1-score": 0.5117633483020394, "support": 1819}, "weighted avg": {"precision": 0.7358143175768788, "recall": 0.7960417811984607, "f1-score": 0.7581516442490097, "support": 1819}}
