{"0.0": {"precision": 0.6007036059806509, "recall": 0.7297008547008547, "f1-score": 0.6589483839845635, "support": 936}, "1.0": {"precision": 0.8026521060842434, "recall": 0.693863789615644, "f1-score": 0.7443037974683545, "support": 1483}, "accuracy": 0.7077304671351798, "macro avg": {"precision": 0.7016778560324471, "recall": 0.7117823221582493, "f1-score": 0.701626090726459, "support": 2419}, "weighted avg": {"precision": 0.7245108096406871, "recall": 0.7077304671351798, "f1-score": 0.7112766511182808, "support": 2419}}
