{"0": {"precision": 0.3333333333333333, "recall": 0.015060240963855422, "f1-score": 0.02881844380403458, "support": 332}, "1": {"precision": 0.8187361419068736, "recall": 0.9932750504371217, "f1-score": 0.8975995138255849, "support": 1487}, "accuracy": 0.8147333699835074, "macro avg": {"precision": 0.5760347376201035, "recall": 0.5041676457004886, "f1-score": 0.4632089788148097, "support": 1819}, "weighted avg": {"precision": 0.730141456669702, "recall": 0.8147333699835074, "f1-score": 0.7390314460701397, "support": 1819}}
