{"0": {"precision": 0.21052631578947367, "recall": 0.013201320132013201, "f1-score": 0.024844720496894408, "support": 303}, "1": {"precision": 0.8338888888888889, "recall": 0.9901055408970977, "f1-score": 0.905307599517491, "support": 1516}, "accuracy": 0.8273776800439802, "macro avg": {"precision": 0.5222076023391813, "recall": 0.5016534305145555, "f1-score": 0.4650761600071927, "support": 1819}, "weighted avg": {"precision": 0.7300522425727135, "recall": 0.8273776800439802, "f1-score": 0.7586444591418775, "support": 1819}}
