{"0": {"precision": 0.23333333333333334, "recall": 0.20588235294117646, "f1-score": 0.21874999999999997, "support": 306}, "1": {"precision": 0.8431245965138799, "recall": 0.8631857237276933, "f1-score": 0.853037230568256, "support": 1513}, "accuracy": 0.7526113249037933, "macro avg": {"precision": 0.5382289649236066, "recall": 0.5345340383344349, "f1-score": 0.5358936152841279, "support": 1819}, "weighted avg": {"precision": 0.7405428886891151, "recall": 0.7526113249037933, "f1-score": 0.7463347057997644, "support": 1819}}
