{"0.0": {"precision": 0.5503952569169961, "recall": 0.6461716937354989, "f1-score": 0.5944503735325507, "support": 862}, "1.0": {"precision": 0.783226723525231, "recall": 0.7077713551701991, "f1-score": 0.7435897435897436, "support": 1557}, "accuracy": 0.6858205870194295, "macro avg": {"precision": 0.6668109902211136, "recall": 0.6769715244528489, "f1-score": 0.6690200585611472, "support": 2419}, "weighted avg": {"precision": 0.7002582554738467, "recall": 0.6858205870194295, "f1-score": 0.6904445856776723, "support": 2419}}
