{"0.0": {"precision": 0.572986577181208, "recall": 0.7665544332210998, "f1-score": 0.655784925588094, "support": 891}, "1.0": {"precision": 0.830480847595762, "recall": 0.6668848167539267, "f1-score": 0.7397459165154265, "support": 1528}, "accuracy": 0.7035965274906987, "macro avg": {"precision": 0.701733712388485, "recall": 0.7167196249875133, "f1-score": 0.6977654210517603, "support": 2419}, "weighted avg": {"precision": 0.7356369472487725, "recall": 0.7035965274906987, "f1-score": 0.7088202270089142, "support": 2419}}
