{"0.0": {"precision": 0.5775075987841946, "recall": 0.6333333333333333, "f1-score": 0.604133545310016, "support": 900}, "1.0": {"precision": 0.7695530726256983, "recall": 0.7254772876892692, "f1-score": 0.7468654693324297, "support": 1519}, "accuracy": 0.6911947085572551, "macro avg": {"precision": 0.6735303357049465, "recall": 0.6794053105113013, "f1-score": 0.6754995073212229, "support": 2419}, "weighted avg": {"precision": 0.6981016768186072, "recall": 0.6911947085572551, "f1-score": 0.6937614049999896, "support": 2419}}
