{"0": {"precision": 0.25925925925925924, "recall": 0.022364217252396165, "f1-score": 0.04117647058823529, "support": 313}, "1": {"precision": 0.8292410714285714, "recall": 0.9867197875166003, "f1-score": 0.9011522134627046, "support": 1506}, "accuracy": 0.8207806487080813, "macro avg": {"precision": 0.5442501653439153, "recall": 0.5045420023844982, "f1-score": 0.4711643420254699, "support": 1819}, "weighted avg": {"precision": 0.7311628376688161, "recall": 0.8207806487080813, "f1-score": 0.7531739795321335, "support": 1819}}
