{"0.0": {"precision": 0.5728395061728395, "recall": 0.5201793721973094, "f1-score": 0.54524089306698, "support": 892}, "1.0": {"precision": 0.7339962709757614, "recall": 0.7734119187950229, "f1-score": 0.7531887755102041, "support": 1527}, "accuracy": 0.6800330715171559, "macro avg": {"precision": 0.6534178885743005, "recall": 0.6467956454961661, "f1-score": 0.6492148342885921, "support": 2419}, "weighted avg": {"precision": 0.6745701303373959, "recall": 0.6800330715171559, "f1-score": 0.6765085311367622, "support": 2419}}
