{"0.0": {"precision": 0.5831157528285466, "recall": 0.7528089887640449, "f1-score": 0.6571848945561549, "support": 890}, "1.0": {"precision": 0.8267716535433071, "recall": 0.6867233485938522, "f1-score": 0.7502679528403001, "support": 1529}, "accuracy": 0.7110376188507648, "macro avg": {"precision": 0.7049437031859268, "recall": 0.7197661686789485, "f1-score": 0.7037264236982275, "support": 2419}, "weighted avg": {"precision": 0.7371256214489967, "recall": 0.7110376188507648, "f1-score": 0.7160207755468362, "support": 2419}}
