{"0.0": {"precision": 0.5693191140278917, "recall": 0.7745535714285714, "f1-score": 0.6562647754137115, "support": 896}, "1.0": {"precision": 0.8316666666666667, "recall": 0.6552856204858831, "f1-score": 0.7330150569225119, "support": 1523}, "accuracy": 0.6994625878462174, "macro avg": {"precision": 0.7004928903472791, "recall": 0.7149195959572272, "f1-score": 0.6946399161681117, "support": 2419}, "weighted avg": {"precision": 0.7344928728823168, "recall": 0.6994625878462174, "f1-score": 0.7045866765042047, "support": 2419}}
