{"0.0": {"precision": 0.5429389312977099, "recall": 0.6266519823788547, "f1-score": 0.5817995910020449, "support": 908}, "1.0": {"precision": 0.7527352297592997, "recall": 0.6829913964262078, "f1-score": 0.7161693268563496, "support": 1511}, "accuracy": 0.6618437370814386, "macro avg": {"precision": 0.6478370805285047, "recall": 0.6548216894025312, "f1-score": 0.6489844589291973, "support": 2419}, "weighted avg": {"precision": 0.6739857303780995, "recall": 0.6618437370814386, "f1-score": 0.6657320717279045, "support": 2419}}
