{"0.0": {"precision": 0.5822566752799311, "recall": 0.737186477644493, "f1-score": 0.6506256015399423, "support": 917}, "1.0": {"precision": 0.8084260731319555, "recall": 0.6770972037283621, "f1-score": 0.7369565217391304, "support": 1502}, "accuracy": 0.6998759818106656, "macro avg": {"precision": 0.6953413742059433, "recall": 0.7071418406864276, "f1-score": 0.6937910616395364, "support": 2419}, "weighted avg": {"precision": 0.7226892654302993, "recall": 0.6998759818106656, "f1-score": 0.7042300009360484, "support": 2419}}
