{"0.0": {"precision": 0.5377431906614786, "recall": 0.782559456398641, "f1-score": 0.6374538745387454, "support": 883}, "1.0": {"precision": 0.8306878306878307, "recall": 0.61328125, "f1-score": 0.7056179775280899, "support": 1536}, "accuracy": 0.6750723439437785, "macro avg": {"precision": 0.6842155106746546, "recall": 0.6979203531993206, "f1-score": 0.6715359260334176, "support": 2419}, "weighted avg": {"precision": 0.7237551654777153, "recall": 0.6750723439437785, "f1-score": 0.6807362483261092, "support": 2419}}
