{"0.0": {"precision": 0.5632458233890215, "recall": 0.8009049773755657, "f1-score": 0.6613731900980852, "support": 884}, "1.0": {"precision": 0.8485370051635112, "recall": 0.6423452768729642, "f1-score": 0.7311827956989247, "support": 1535}, "accuracy": 0.7002893757751136, "macro avg": {"precision": 0.7058914142762663, "recall": 0.7216251271242649, "f1-score": 0.696277992898505, "support": 2419}, "weighted avg": {"precision": 0.744280120215744, "recall": 0.7002893757751136, "f1-score": 0.7056715549584774, "support": 2419}}
