{"0.0": {"precision": 0.5647626709573612, "recall": 0.7896512935883014, "f1-score": 0.6585365853658537, "support": 889}, "1.0": {"precision": 0.8409863945578231, "recall": 0.64640522875817, "f1-score": 0.7309682187730967, "support": 1530}, "accuracy": 0.6990491938817693, "macro avg": {"precision": 0.7028745327575922, "recall": 0.7180282611732357, "f1-score": 0.6947524020694752, "support": 2419}, "weighted avg": {"precision": 0.7394721778233003, "recall": 0.6990491938817693, "f1-score": 0.7043490694969334, "support": 2419}}
