{"0": {"precision": 0.5, "recall": 0.0030864197530864196, "f1-score": 0.0061349693251533735, "support": 324}, "1": {"precision": 0.8222344523940561, "recall": 0.9993311036789297, "f1-score": 0.9021739130434782, "support": 1495}, "accuracy": 0.8218801539307312, "macro avg": {"precision": 0.6611172261970281, "recall": 0.501208761716008, "f1-score": 0.45415444118431575, "support": 1819}, "weighted avg": {"precision": 0.7648381013354117, "recall": 0.8218801539307312, "f1-score": 0.7425715943162999, "support": 1819}}
