{"0.0": {"precision": 0.5446584938704028, "recall": 0.6888150609080842, "f1-score": 0.6083129584352078, "support": 903}, "1.0": {"precision": 0.7799530148786218, "recall": 0.6569920844327177, "f1-score": 0.7132116004296456, "support": 1516}, "accuracy": 0.6688714344770567, "macro avg": {"precision": 0.6623057543745123, "recall": 0.6729035726704009, "f1-score": 0.6607622794324267, "support": 2419}, "weighted avg": {"precision": 0.6921188055068063, "recall": 0.6688714344770567, "f1-score": 0.6740534881018335, "support": 2419}}
