{"0.0": {"precision": 0.549831081081081, "recall": 0.7241379310344828, "f1-score": 0.6250600096015363, "support": 899}, "1.0": {"precision": 0.7991902834008097, "recall": 0.6493421052631579, "f1-score": 0.7165154264972776, "support": 1520}, "accuracy": 0.677139313766019, "macro avg": {"precision": 0.6745106822409453, "recall": 0.6867400181488204, "f1-score": 0.670787718049407, "support": 2419}, "weighted avg": {"precision": 0.7065181366933123, "recall": 0.677139313766019, "f1-score": 0.682526827989931, "support": 2419}}
