{"0": {"precision": 0.0, "recall": 0.0, "f1-score": 0.0, "support": 295}, "1": {"precision": 0.8371065709552733, "recall": 0.994750656167979, "f1-score": 0.9091454272863568, "support": 1524}, "accuracy": 0.8334249587685542, "macro avg": {"precision": 0.41855328547763665, "recall": 0.4973753280839895, "f1-score": 0.4545727136431784, "support": 1819}, "weighted avg": {"precision": 0.7013471215700036, "recall": 0.8334249587685542, "f1-score": 0.7617029308325496, "support": 1819}}
