{"0.0": {"precision": 0.577623590633131, "recall": 0.7424749163879598, "f1-score": 0.6497560975609756, "support": 897}, "1.0": {"precision": 0.8175355450236966, "recall": 0.6800262812089356, "f1-score": 0.742467718794835, "support": 1522}, "accuracy": 0.7031831335262505, "macro avg": {"precision": 0.6975795678284138, "recall": 0.7112505987984477, "f1-score": 0.6961119081779052, "support": 2419}, "weighted avg": {"precision": 0.7285727409359177, "recall": 0.7031831335262505, "f1-score": 0.708088915881742, "support": 2419}}
