{"0.0": {"precision": 0.5578059071729958, "recall": 0.7452085682074409, "f1-score": 0.6380308880308881, "support": 887}, "1.0": {"precision": 0.8168557536466775, "recall": 0.6579634464751958, "f1-score": 0.7288503253796096, "support": 1532}, "accuracy": 0.6899545266639107, "macro avg": {"precision": 0.6873308304098367, "recall": 0.7015860073413183, "f1-score": 0.6834406067052489, "support": 2419}, "weighted avg": {"precision": 0.7218672402848935, "recall": 0.6899545266639107, "f1-score": 0.6955486135448365, "support": 2419}}
