{"0.0": {"precision": 0.6025179856115108, "recall": 0.7298474945533769, "f1-score": 0.6600985221674878, "support": 918}, "1.0": {"precision": 0.8102524866105585, "recall": 0.7055296469020653, "f1-score": 0.7542735042735044, "support": 1501}, "accuracy": 0.7147581645307979, "macro avg": {"precision": 0.7063852361110347, "recall": 0.7176885707277212, "f1-score": 0.7071860132204961, "support": 2419}, "weighted avg": {"precision": 0.7314181451814036, "recall": 0.7147581645307979, "f1-score": 0.7185345073436478, "support": 2419}}
