{"0": {"precision": 0.35714285714285715, "recall": 0.014367816091954023, "f1-score": 0.027624309392265192, "support": 348}, "1": {"precision": 0.8099722991689751, "recall": 0.9938817131203264, "f1-score": 0.8925518925518925, "support": 1471}, "accuracy": 0.8064870808136338, "macro avg": {"precision": 0.5835575781559161, "recall": 0.5041247646061402, "f1-score": 0.46008810097207886, "support": 1819}, "weighted avg": {"precision": 0.7233397286219222, "recall": 0.8064870808136338, "f1-score": 0.7270792158396604, "support": 1819}}
