{"0.0": {"precision": 0.5939914163090129, "recall": 0.7448869752421959, "f1-score": 0.6609360076408787, "support": 929}, "1.0": {"precision": 0.8110047846889952, "recall": 0.6825503355704698, "f1-score": 0.7412536443148687, "support": 1490}, "accuracy": 0.7064902852418354, "macro avg": {"precision": 0.7024981004990041, "recall": 0.7137186554063328, "f1-score": 0.7010948259778738, "support": 2419}, "weighted avg": {"precision": 0.727662321181346, "recall": 0.7064902852418354, "f1-score": 0.7104082187381275, "support": 2419}}
