{"0": {"precision": 0.0, "recall": 0.0, "f1-score": 0.0, "support": 324}, "1": {"precision": 0.8218801539307312, "recall": 1.0, "f1-score": 0.9022329511164756, "support": 1495}, "accuracy": 0.8218801539307312, "macro avg": {"precision": 0.4109400769653656, "recall": 0.5, "f1-score": 0.4511164755582378, "support": 1819}, "weighted avg": {"precision": 0.6754869874252024, "recall": 0.8218801539307312, "f1-score": 0.7415273567449868, "support": 1819}}
