{"0.0": {"precision": 0.5794871794871795, "recall": 0.7442371020856202, "f1-score": 0.6516098029793369, "support": 911}, "1.0": {"precision": 0.8134507606084868, "recall": 0.6737400530503979, "f1-score": 0.7370330068915488, "support": 1508}, "accuracy": 0.7002893757751136, "macro avg": {"precision": 0.6964689700478331, "recall": 0.708988577568009, "f1-score": 0.6943214049354429, "support": 2419}, "weighted avg": {"precision": 0.7253396310501937, "recall": 0.7002893757751136, "f1-score": 0.7048624658564, "support": 2419}}
