{"0": {"precision": 0.35135135135135137, "recall": 0.04276315789473684, "f1-score": 0.07624633431085044, "support": 304}, "1": {"precision": 0.8367003367003367, "recall": 0.9841584158415841, "f1-score": 0.9044585987261147, "support": 1515}, "accuracy": 0.8268279274326553, "macro avg": {"precision": 0.594025844025844, "recall": 0.5134607868681605, "f1-score": 0.4903524665184826, "support": 1819}, "weighted avg": {"precision": 0.7555864875820896, "recall": 0.8268279274326553, "f1-score": 0.7660437947776593, "support": 1819}}
