{"0": {"precision": 0.25, "recall": 0.003278688524590164, "f1-score": 0.006472491909385113, "support": 305}, "1": {"precision": 0.8325068870523415, "recall": 0.9980184940554822, "f1-score": 0.9077801141483929, "support": 1514}, "accuracy": 0.8312259483232546, "macro avg": {"precision": 0.5412534435261708, "recall": 0.5006485912900361, "f1-score": 0.457126303028889, "support": 1819}, "weighted avg": {"precision": 0.734835308959453, "recall": 0.8312259483232546, "f1-score": 0.7566537673738478, "support": 1819}}
