{"0": {"precision": 0.0, "recall": 0.0, "f1-score": 0.0, "support": 302}, "1": {"precision": 0.8339747113798791, "recall": 1.0, "f1-score": 0.9094724220623502, "support": 1517}, "accuracy": 0.8339747113798791, "macro avg": {"precision": 0.41698735568993955, "recall": 0.5, "f1-score": 0.4547362110311751, "support": 1819}, "weighted avg": {"precision": 0.6955138192211526, "recall": 0.8339747113798791, "f1-score": 0.7584770006974081, "support": 1819}}
