{"0": {"precision": 0.0, "recall": 0.0, "f1-score": 0.0, "support": 322}, "1": {"precision": 0.822979659153381, "recall": 1.0, "f1-score": 0.9028950542822679, "support": 1497}, "accuracy": 0.822979659153381, "macro avg": {"precision": 0.4114898295766905, "recall": 0.5, "f1-score": 0.45144752714113395, "support": 1819}, "weighted avg": {"precision": 0.6772955193802151, "recall": 0.822979659153381, "f1-score": 0.7430642640244942, "support": 1819}}
