{"0.0": {"precision": 0.5784399649430324, "recall": 0.7399103139013453, "f1-score": 0.6492867683226758, "support": 892}, "1.0": {"precision": 0.8184663536776213, "recall": 0.685003274394237, "f1-score": 0.7458110516934047, "support": 1527}, "accuracy": 0.7052501033484911, "macro avg": {"precision": 0.6984531593103269, "recall": 0.7124567941477912, "f1-score": 0.6975489100080403, "support": 2419}, "weighted avg": {"precision": 0.7299572429908693, "recall": 0.7052501033484911, "f1-score": 0.7102179715914245, "support": 2419}}
