{"0": {"precision": 0.20618556701030927, "recall": 0.06349206349206349, "f1-score": 0.0970873786407767, "support": 315}, "1": {"precision": 0.8286875725900116, "recall": 0.9488031914893617, "f1-score": 0.8846869187848728, "support": 1504}, "accuracy": 0.7954920285871357, "macro avg": {"precision": 0.5174365698001604, "recall": 0.5061476274907126, "f1-score": 0.49088714871282474, "support": 1819}, "weighted avg": {"precision": 0.7208876101064459, "recall": 0.7954920285871357, "f1-score": 0.7482966740650321, "support": 1819}}
