{"0.0": {"precision": 0.5905707196029777, "recall": 0.7677419354838709, "f1-score": 0.6676016830294531, "support": 930}, "1.0": {"precision": 0.8214876033057851, "recall": 0.6675621222296844, "f1-score": 0.736569099666543, "support": 1489}, "accuracy": 0.7060768912773874, "macro avg": {"precision": 0.7060291614543814, "recall": 0.7176520288567776, "f1-score": 0.7020853913479981, "support": 2419}, "weighted avg": {"precision": 0.7327101325147098, "recall": 0.7060768912773874, "f1-score": 0.7100541358498859, "support": 2419}}
