{"0": {"precision": 0.11538461538461539, "recall": 0.01, "f1-score": 0.01840490797546012, "support": 300}, "1": {"precision": 0.8343558282208589, "recall": 0.9848584595128373, "f1-score": 0.9033816425120773, "support": 1519}, "accuracy": 0.8240791643760308, "macro avg": {"precision": 0.47487022180273714, "recall": 0.4974292297564187, "f1-score": 0.4608932752437687, "support": 1819}, "weighted avg": {"precision": 0.7157789377036115, "recall": 0.8240791643760308, "f1-score": 0.7574261612800899, "support": 1819}}
