{"0": {"precision": 0.0, "recall": 0.0, "f1-score": 0.0, "support": 298}, "1": {"precision": 0.8361737218251787, "recall": 1.0, "f1-score": 0.9107784431137724, "support": 1521}, "accuracy": 0.8361737218251787, "macro avg": {"precision": 0.41808686091258934, "recall": 0.5, "f1-score": 0.4553892215568862, "support": 1819}, "weighted avg": {"precision": 0.6991864930709712, "recall": 0.8361737218251787, "f1-score": 0.7615690005365848, "support": 1819}}
