{"0.0": {"precision": 0.5769230769230769, "recall": 0.7300884955752213, "f1-score": 0.6445312499999999, "support": 904}, "1.0": {"precision": 0.8086274509803921, "recall": 0.6805280528052805, "f1-score": 0.7390681003584231, "support": 1515}, "accuracy": 0.6990491938817693, "macro avg": {"precision": 0.6927752639517345, "recall": 0.7053082741902509, "f1-score": 0.6917996751792115, "support": 2419}, "weighted avg": {"precision": 0.7220376394269349, "recall": 0.6990491938817693, "f1-score": 0.7037389094845022, "support": 2419}}
