{"0.0": {"precision": 0.5812937062937062, "recall": 0.724400871459695, "f1-score": 0.6450048496605237, "support": 918}, "1.0": {"precision": 0.8015686274509803, "recall": 0.6808794137241839, "f1-score": 0.7363112391930835, "support": 1501}, "accuracy": 0.6973956180239769, "macro avg": {"precision": 0.6914311668723433, "recall": 0.7026401425919395, "f1-score": 0.6906580444268036, "support": 2419}, "weighted avg": {"precision": 0.7179752510051854, "recall": 0.6973956180239769, "f1-score": 0.7016608606933357, "support": 2419}}
