{"0.0": {"precision": 1.0, "recall": 0.0011325028312570782, "f1-score": 0.0022624434389140274, "support": 883}, "1.0": {"precision": 0.6352357320099256, "recall": 1.0, "f1-score": 0.7769347496206374, "support": 1536}, "accuracy": 0.6353865233567589, "macro avg": {"precision": 0.8176178660049628, "recall": 0.5005662514156285, "f1-score": 0.3895985965297757, "support": 2419}, "weighted avg": {"precision": 0.768384491263847, "recall": 0.6353865233567589, "f1-score": 0.4941585419486813, "support": 2419}}
