{"0.0": {"precision": 0.6068734283319362, "recall": 0.7956043956043956, "f1-score": 0.6885401806942463, "support": 910}, "1.0": {"precision": 0.8482871125611745, "recall": 0.6891981444665342, "f1-score": 0.760511882998172, "support": 1509}, "accuracy": 0.729226953286482, "macro avg": {"precision": 0.7275802704465554, "recall": 0.7424012700354649, "f1-score": 0.7245260318462091, "support": 2419}, "weighted avg": {"precision": 0.7574700589652229, "recall": 0.729226953286482, "f1-score": 0.7334369557155873, "support": 2419}}
