{"0.0": {"precision": 0.5616, "recall": 0.786114221724524, "f1-score": 0.6551563229118059, "support": 893}, "1.0": {"precision": 0.8366124893071001, "recall": 0.6408912188728703, "f1-score": 0.7257884972170687, "support": 1526}, "accuracy": 0.69450186027284, "macro avg": {"precision": 0.6991062446535501, "recall": 0.7135027202986972, "f1-score": 0.6904724100644373, "support": 2419}, "weighted avg": {"precision": 0.7350886559250247, "recall": 0.69450186027284, "f1-score": 0.6997138665206655, "support": 2419}}
