{"0": {"precision": 0.0, "recall": 0.0, "f1-score": 0.0, "support": 293}, "1": {"precision": 0.8389224848818032, "recall": 1.0, "f1-score": 0.9124065769805679, "support": 1526}, "accuracy": 0.8389224848818032, "macro avg": {"precision": 0.4194612424409016, "recall": 0.5, "f1-score": 0.45620328849028396, "support": 1819}, "weighted avg": {"precision": 0.7037909356402593, "recall": 0.8389224848818032, "f1-score": 0.7654383927830383, "support": 1819}}
