{"0.0": {"precision": 0.5840597758405978, "recall": 0.513129102844639, "f1-score": 0.5463016889924287, "support": 914}, "1.0": {"precision": 0.7246287128712872, "recall": 0.7780730897009966, "f1-score": 0.7504005126562, "support": 1505}, "accuracy": 0.6779661016949152, "macro avg": {"precision": 0.6543442443559424, "recall": 0.6456010962728178, "f1-score": 0.6483511008243144, "support": 2419}, "weighted avg": {"precision": 0.6715158528274466, "recall": 0.6779661016949152, "f1-score": 0.6732833878820425, "support": 2419}}
