{"0": {"precision": 0.0, "recall": 0.0, "f1-score": 0.0, "support": 317}, "1": {"precision": 0.8257284222100055, "recall": 1.0, "f1-score": 0.9045468232460103, "support": 1502}, "accuracy": 0.8257284222100055, "macro avg": {"precision": 0.41286421110500277, "recall": 0.5, "f1-score": 0.45227341162300516, "support": 1819}, "weighted avg": {"precision": 0.6818274272454251, "recall": 0.8257284222100055, "f1-score": 0.7469100211740008, "support": 1819}}
