{"0.0": {"precision": 0.5787079162875342, "recall": 0.6996699669966997, "f1-score": 0.6334661354581674, "support": 909}, "1.0": {"precision": 0.7931818181818182, "recall": 0.6933774834437086, "f1-score": 0.7399293286219081, "support": 1510}, "accuracy": 0.6957420421661844, "macro avg": {"precision": 0.6859448672346762, "recall": 0.6965237252202041, "f1-score": 0.6866977320400378, "support": 2419}, "weighted avg": {"precision": 0.712587863315384, "recall": 0.6957420421661844, "f1-score": 0.699923110107712, "support": 2419}}
