{"0": {"precision": 0.18604651162790697, "recall": 0.025477707006369428, "f1-score": 0.04481792717086835, "support": 314}, "1": {"precision": 0.8277027027027027, "recall": 0.9767441860465116, "f1-score": 0.8960682718683328, "support": 1505}, "accuracy": 0.8125343595382079, "macro avg": {"precision": 0.5068746071653049, "recall": 0.5011109465264405, "f1-score": 0.47044309951960056, "support": 1819}, "weighted avg": {"precision": 0.7169385223852284, "recall": 0.8125343595382079, "f1-score": 0.749123462503295, "support": 1819}}
