{"0": {"precision": 0.0, "recall": 0.0, "f1-score": 0.0, "support": 290}, "1": {"precision": 0.840571742715778, "recall": 1.0, "f1-score": 0.9133811230585425, "support": 1529}, "accuracy": 0.840571742715778, "macro avg": {"precision": 0.420285871357889, "recall": 0.5, "f1-score": 0.45669056152927123, "support": 1819}, "weighted avg": {"precision": 0.70656085465224, "recall": 0.840571742715778, "f1-score": 0.7677623623730134, "support": 1819}}
