{"0.0": {"precision": 0.574486301369863, "recall": 0.7168803418803419, "f1-score": 0.6378326996197718, "support": 936}, "1.0": {"precision": 0.7881694644284573, "recall": 0.6648685097774781, "f1-score": 0.721287490855889, "support": 1483}, "accuracy": 0.6849937990905333, "macro avg": {"precision": 0.6813278828991601, "recall": 0.69087442582891, "f1-score": 0.6795600952378305, "support": 2419}, "weighted avg": {"precision": 0.7054875956302579, "recall": 0.6849937990905333, "f1-score": 0.6889957651026828, "support": 2419}}
