{"0": {"precision": 0.0, "recall": 0.0, "f1-score": 0.0, "support": 288}, "1": {"precision": 0.8416712479384277, "recall": 1.0, "f1-score": 0.9140298507462686, "support": 1531}, "accuracy": 0.8416712479384277, "macro avg": {"precision": 0.42083562396921387, "recall": 0.5, "f1-score": 0.4570149253731343, "support": 1819}, "weighted avg": {"precision": 0.7084104896062302, "recall": 0.8416712479384277, "f1-score": 0.7693126451305868, "support": 1819}}
