{"0.0": {"precision": 0.47706422018348627, "recall": 0.23476297968397292, "f1-score": 0.31467473524962175, "support": 886}, "1.0": {"precision": 0.6580937972768532, "recall": 0.8512720156555773, "f1-score": 0.742320819112628, "support": 1533}, "accuracy": 0.6254650682100041, "macro avg": {"precision": 0.5675790087301698, "recall": 0.5430174976697751, "f1-score": 0.5284977771811249, "support": 2419}, "weighted avg": {"precision": 0.5917886276593571, "recall": 0.6254650682100041, "f1-score": 0.5856881484625149, "support": 2419}}
