{"0.0": {"precision": 0.5784908933217693, "recall": 0.7065677966101694, "f1-score": 0.6361468764902241, "support": 944}, "1.0": {"precision": 0.7812006319115324, "recall": 0.6705084745762712, "f1-score": 0.7216344399854068, "support": 1475}, "accuracy": 0.6845804051260852, "macro avg": {"precision": 0.6798457626166509, "recall": 0.6885381355932203, "f1-score": 0.6788906582378154, "support": 2419}, "weighted avg": {"precision": 0.7020943924618688, "recall": 0.6845804051260852, "f1-score": 0.6882734395970428, "support": 2419}}
