{"0": {"precision": 0.09090909090909091, "recall": 0.003246753246753247, "f1-score": 0.006269592476489029, "support": 308}, "1": {"precision": 0.8301991150442478, "recall": 0.9933818663136995, "f1-score": 0.9044893040072312, "support": 1511}, "accuracy": 0.8257284222100055, "macro avg": {"precision": 0.4605541029766694, "recall": 0.4983143097802264, "f1-score": 0.4553794482418601, "support": 1819}, "weighted avg": {"precision": 0.7050197156854636, "recall": 0.8257284222100055, "f1-score": 0.7523993253643128, "support": 1819}}
