{"0": {"precision": 0.45454545454545453, "recall": 0.015723270440251572, "f1-score": 0.030395136778115502, "support": 318}, "1": {"precision": 0.8268805309734514, "recall": 0.9960026648900733, "f1-score": 0.9035962526443034, "support": 1501}, "accuracy": 0.8246289169873557, "macro avg": {"precision": 0.6407129927594529, "recall": 0.5058629676651625, "f1-score": 0.46699569471120944, "support": 1819}, "weighted avg": {"precision": 0.761788417557232, "recall": 0.8246289169873557, "f1-score": 0.7509420718606598, "support": 1819}}
