{"0": {"precision": 0.14285714285714285, "recall": 0.009966777408637873, "f1-score": 0.018633540372670804, "support": 301}, "1": {"precision": 0.8342602892102335, "recall": 0.9881422924901185, "f1-score": 0.904704463208685, "support": 1518}, "accuracy": 0.8262781748213304, "macro avg": {"precision": 0.48855871603368817, "recall": 0.4990545349493782, "f1-score": 0.46166900179067794, "support": 1819}, "weighted avg": {"precision": 0.7198499829692878, "recall": 0.8262781748213304, "f1-score": 0.7580814023105871, "support": 1819}}
