{"0": {"precision": 0.06666666666666667, "recall": 0.0033222591362126247, "f1-score": 0.006329113924050634, "support": 301}, "1": {"precision": 0.8337028824833703, "recall": 0.9907773386034255, "f1-score": 0.905478627332932, "support": 1518}, "accuracy": 0.8273776800439802, "macro avg": {"precision": 0.4501847745750185, "recall": 0.4970497988698191, "f1-score": 0.45590387062849136, "support": 1819}, "weighted avg": {"precision": 0.7067771535329427, "recall": 0.8273776800439802, "f1-score": 0.7566913796495491, "support": 1819}}
