{"0": {"precision": 0.275, "recall": 0.1, "f1-score": 0.1466666666666667, "support": 330}, "1": {"precision": 0.8251912889935256, "recall": 0.941571524513096, "f1-score": 0.8795483061480551, "support": 1489}, "accuracy": 0.7888949972512369, "macro avg": {"precision": 0.5500956444967628, "recall": 0.520785762256548, "f1-score": 0.5131074864073609, "support": 1819}, "weighted avg": {"precision": 0.7253764867022318, "recall": 0.7888949972512369, "f1-score": 0.746590119766055, "support": 1819}}
