{"0.0": {"precision": 0.5662447257383966, "recall": 0.7659817351598174, "f1-score": 0.651140223192625, "support": 876}, "1.0": {"precision": 0.8338735818476499, "recall": 0.6668826960466624, "f1-score": 0.7410875045012604, "support": 1543}, "accuracy": 0.7027697395618024, "macro avg": {"precision": 0.7000591537930232, "recall": 0.7164322156032399, "f1-score": 0.6961138638469426, "support": 2419}, "weighted avg": {"precision": 0.7369563110945677, "recall": 0.7027697395618024, "f1-score": 0.7085146155279802, "support": 2419}}
