{"0": {"precision": 0.0, "recall": 0.0, "f1-score": 0.0, "support": 303}, "1": {"precision": 0.8334249587685542, "recall": 1.0, "f1-score": 0.9091454272863567, "support": 1516}, "accuracy": 0.8334249587685542, "macro avg": {"precision": 0.4167124793842771, "recall": 0.5, "f1-score": 0.45457271364317836, "support": 1819}, "weighted avg": {"precision": 0.6945971618983663, "recall": 0.8334249587685542, "f1-score": 0.7577044902507514, "support": 1819}}
