{"0.0": {"precision": 0.5702702702702702, "recall": 0.6880434782608695, "f1-score": 0.6236453201970443, "support": 920}, "1.0": {"precision": 0.7807486631016043, "recall": 0.6817878585723816, "f1-score": 0.7279202279202279, "support": 1499}, "accuracy": 0.684167011161637, "macro avg": {"precision": 0.6755094666859373, "recall": 0.6849156684166255, "f1-score": 0.6757827740586362, "support": 2419}, "weighted avg": {"precision": 0.7006990056378476, "recall": 0.684167011161637, "f1-score": 0.6882621398237712, "support": 2419}}
