{"0.0": {"precision": 0.0, "recall": 0.0, "f1-score": 0.0, "support": 932}, "1.0": {"precision": 0.614716825134353, "recall": 1.0, "f1-score": 0.7613927291346646, "support": 1487}, "accuracy": 0.614716825134353, "macro avg": {"precision": 0.3073584125671765, "recall": 0.5, "f1-score": 0.3806963645673323, "support": 2419}, "weighted avg": {"precision": 0.37787677510325873, "recall": 0.614716825134353, "f1-score": 0.46804092113404144, "support": 2419}}
