{"0.0": {"precision": 0.5775862068965517, "recall": 0.7545045045045045, "f1-score": 0.654296875, "support": 888}, "1.0": {"precision": 0.8268467037331215, "recall": 0.6799477465708688, "f1-score": 0.746236559139785, "support": 1531}, "accuracy": 0.7073170731707317, "macro avg": {"precision": 0.7022164553148367, "recall": 0.7172261255376866, "f1-score": 0.7002667170698925, "support": 2419}, "weighted avg": {"precision": 0.7353447106819128, "recall": 0.7073170731707317, "f1-score": 0.7124860674009967, "support": 2419}}
