{"0.0": {"precision": 0.576782449725777, "recall": 0.7121896162528216, "f1-score": 0.6373737373737374, "support": 886}, "1.0": {"precision": 0.8075471698113208, "recall": 0.6979778212654925, "f1-score": 0.748775367389783, "support": 1533}, "accuracy": 0.7031831335262505, "macro avg": {"precision": 0.6921648097685489, "recall": 0.705083718759157, "f1-score": 0.6930745523817602, "support": 2419}, "weighted avg": {"precision": 0.7230256559643626, "recall": 0.7031831335262505, "f1-score": 0.7079726207199953, "support": 2419}}
