{"0": {"precision": 0.5, "recall": 0.052307692307692305, "f1-score": 0.0947075208913649, "support": 325}, "1": {"precision": 0.8274509803921568, "recall": 0.9886211512717537, "f1-score": 0.9008844159804817, "support": 1494}, "accuracy": 0.8213304013194063, "macro avg": {"precision": 0.6637254901960784, "recall": 0.520464421789723, "f1-score": 0.49779596843592333, "support": 1819}, "weighted avg": {"precision": 0.7689454451379232, "recall": 0.8213304013194063, "f1-score": 0.756845113669342, "support": 1819}}
