{"0": {"precision": 0.0, "recall": 0.0, "f1-score": 0.0, "support": 301}, "1": {"precision": 0.833976833976834, "recall": 0.9960474308300395, "f1-score": 0.9078354848393875, "support": 1518}, "accuracy": 0.8312259483232546, "macro avg": {"precision": 0.416988416988417, "recall": 0.4980237154150198, "f1-score": 0.45391774241969374, "support": 1819}, "weighted avg": {"precision": 0.6959740703555988, "recall": 0.8312259483232546, "f1-score": 0.7576109213777846, "support": 1819}}
