{"0.0": {"precision": 0.5480456026058632, "recall": 0.7807424593967517, "f1-score": 0.6440191387559808, "support": 862}, "1.0": {"precision": 0.8413098236775819, "recall": 0.6435452793834296, "f1-score": 0.7292576419213973, "support": 1557}, "accuracy": 0.6924348904505995, "macro avg": {"precision": 0.6946777131417226, "recall": 0.7121438693900907, "f1-score": 0.686638390338689, "support": 2419}, "weighted avg": {"precision": 0.7368064096371431, "recall": 0.6924348904505995, "f1-score": 0.6988832765933324, "support": 2419}}
