{"0": {"precision": 0.375, "recall": 0.010273972602739725, "f1-score": 0.02, "support": 292}, "1": {"precision": 0.8404196576477084, "recall": 0.9967256057629339, "f1-score": 0.9119233073696825, "support": 1527}, "accuracy": 0.8383727322704783, "macro avg": {"precision": 0.6077098288238543, "recall": 0.5034997891828368, "f1-score": 0.46596165368484127, "support": 1819}, "weighted avg": {"precision": 0.7657068813788075, "recall": 0.8383727322704783, "f1-score": 0.7687448545098984, "support": 1819}}
