{"0": {"precision": 0.47368421052631576, "recall": 0.06143344709897611, "f1-score": 0.10876132930513596, "support": 293}, "1": {"precision": 0.845592363840539, "recall": 0.9868938401048493, "f1-score": 0.9107952827335953, "support": 1526}, "accuracy": 0.8378229796591534, "macro avg": {"precision": 0.6596382871834274, "recall": 0.5241636436019127, "f1-score": 0.5097783060193657, "support": 1819}, "weighted avg": {"precision": 0.7856863226524865, "recall": 0.8378229796591534, "f1-score": 0.7816056464749156, "support": 1819}}
