{"0.0": {"precision": 0.5628366247755835, "recall": 0.6859956236323851, "f1-score": 0.6183431952662721, "support": 914}, "1.0": {"precision": 0.7800766283524905, "recall": 0.6764119601328904, "f1-score": 0.7245551601423489, "support": 1505}, "accuracy": 0.6800330715171559, "macro avg": {"precision": 0.6714566265640369, "recall": 0.6812037918826377, "f1-score": 0.6714491777043106, "support": 2419}, "weighted avg": {"precision": 0.6979942127802321, "recall": 0.6800330715171559, "f1-score": 0.6844238100403505, "support": 2419}}
