{"0.0": {"precision": 0.5591586327782647, "recall": 0.7505882352941177, "f1-score": 0.6408839779005525, "support": 850}, "1.0": {"precision": 0.8341158059467919, "recall": 0.6794136392606756, "f1-score": 0.7488584474885844, "support": 1569}, "accuracy": 0.7044233154195949, "macro avg": {"precision": 0.6966372193625283, "recall": 0.7150009372773967, "f1-score": 0.6948712126945684, "support": 2419}, "weighted avg": {"precision": 0.7375000154576442, "recall": 0.7044233154195949, "f1-score": 0.7109178525527319, "support": 2419}}
