{"0": {"precision": 0.2571428571428571, "recall": 0.140625, "f1-score": 0.18181818181818182, "support": 320}, "1": {"precision": 0.8327250608272506, "recall": 0.9132755170113409, "f1-score": 0.871142220808145, "support": 1499}, "accuracy": 0.777350192413414, "macro avg": {"precision": 0.5449339589850539, "recall": 0.5269502585056705, "f1-score": 0.5264802013131634, "support": 1819}, "weighted avg": {"precision": 0.7314681585848064, "recall": 0.777350192413414, "f1-score": 0.7498757598533412, "support": 1819}}
