{"0.0": {"precision": 0.6007036059806509, "recall": 0.7367853290183387, "f1-score": 0.6618217054263565, "support": 927}, "1.0": {"precision": 0.8096723868954758, "recall": 0.6957104557640751, "f1-score": 0.7483777937995674, "support": 1492}, "accuracy": 0.711451012815213, "macro avg": {"precision": 0.7051879964380634, "recall": 0.7162478923912069, "f1-score": 0.705099749612962, "support": 2419}, "weighted avg": {"precision": 0.7295921637007496, "recall": 0.711451012815213, "f1-score": 0.7152080980897838, "support": 2419}}
