{"0": {"precision": 0.0, "recall": 0.0, "f1-score": 0.0, "support": 314}, "1": {"precision": 0.8273776800439802, "recall": 1.0, "f1-score": 0.9055354993983153, "support": 1505}, "accuracy": 0.8273776800439802, "macro avg": {"precision": 0.4136888400219901, "recall": 0.5, "f1-score": 0.4527677496991577, "support": 1819}, "weighted avg": {"precision": 0.6845538254349589, "recall": 0.8273776800439802, "f1-score": 0.7492198606896452, "support": 1819}}
