{"0.0": {"precision": 0.5713094245204337, "recall": 0.7662192393736018, "f1-score": 0.6545628284758719, "support": 894}, "1.0": {"precision": 0.828688524590164, "recall": 0.6629508196721311, "f1-score": 0.7366120218579234, "support": 1525}, "accuracy": 0.70111616370401, "macro avg": {"precision": 0.6999989745552988, "recall": 0.7145850295228664, "f1-score": 0.6955874251668976, "support": 2419}, "weighted avg": {"precision": 0.733567848499904, "recall": 0.70111616370401, "f1-score": 0.7062887565071363, "support": 2419}}
