{"0": {"precision": 0.23809523809523808, "recall": 0.01488095238095238, "f1-score": 0.028011204481792715, "support": 336}, "1": {"precision": 0.8159065628476084, "recall": 0.9892110586648685, "f1-score": 0.8942395611094178, "support": 1483}, "accuracy": 0.8092358438702584, "macro avg": {"precision": 0.5270009004714232, "recall": 0.5020460055229105, "f1-score": 0.4611253827956053, "support": 1819}, "weighted avg": {"precision": 0.7091750592100073, "recall": 0.8092358438702584, "f1-score": 0.7342325639533529, "support": 1819}}
