{"0": {"precision": 0.058823529411764705, "recall": 0.0031446540880503146, "f1-score": 0.005970149253731343, "support": 318}, "1": {"precision": 0.8240843507214206, "recall": 0.9893404397068621, "f1-score": 0.8991825613079019, "support": 1501}, "accuracy": 0.816932380428807, "macro avg": {"precision": 0.44145394006659266, "recall": 0.4962425468974562, "f1-score": 0.4525763552808166, "support": 1819}, "weighted avg": {"precision": 0.6903004358360602, "recall": 0.816932380428807, "f1-score": 0.7430299791016203, "support": 1819}}
