{"0.0": {"precision": 0.5662251655629139, "recall": 0.7625418060200669, "f1-score": 0.6498812351543943, "support": 897}, "1.0": {"precision": 0.82411230388109, "recall": 0.6557161629434954, "f1-score": 0.730332967435053, "support": 1522}, "accuracy": 0.6953286482017362, "macro avg": {"precision": 0.6951687347220019, "recall": 0.7091289844817812, "f1-score": 0.6901071012947237, "support": 2419}, "weighted avg": {"precision": 0.7284840429999805, "recall": 0.6953286482017362, "f1-score": 0.7005003077179175, "support": 2419}}
