{"0": {"precision": 0.23853211009174313, "recall": 0.17275747508305647, "f1-score": 0.2003853564547206, "support": 301}, "1": {"precision": 0.8444722048719551, "recall": 0.8906455862977603, "f1-score": 0.8669445335043283, "support": 1518}, "accuracy": 0.7718526663001649, "macro avg": {"precision": 0.541502157481849, "recall": 0.5317015306904084, "f1-score": 0.5336649449795244, "support": 1819}, "weighted avg": {"precision": 0.7442039428989788, "recall": 0.7718526663001649, "f1-score": 0.7566452964004625, "support": 1819}}
