{"0.0": {"precision": 0.585429314830876, "recall": 0.7516703786191536, "f1-score": 0.6582155046318869, "support": 898}, "1.0": {"precision": 0.8238546603475514, "recall": 0.685733070348455, "f1-score": 0.7484750627915321, "support": 1521}, "accuracy": 0.7102108309218685, "macro avg": {"precision": 0.7046419875892137, "recall": 0.7187017244838043, "f1-score": 0.7033452837117096, "support": 2419}, "weighted avg": {"precision": 0.7353445486179216, "recall": 0.7102108309218685, "f1-score": 0.7149682073854299, "support": 2419}}
