{"0": {"precision": 0.0, "recall": 0.0, "f1-score": 0.0, "support": 335}, "1": {"precision": 0.8158328752061572, "recall": 1.0, "f1-score": 0.898577051165607, "support": 1484}, "accuracy": 0.8158328752061572, "macro avg": {"precision": 0.4079164376030786, "recall": 0.5, "f1-score": 0.4492885255828035, "support": 1819}, "weighted avg": {"precision": 0.6655832802671453, "recall": 0.8158328752061572, "f1-score": 0.7330886992467075, "support": 1819}}
