{"0": {"precision": 0.0, "recall": 0.0, "f1-score": 0.0, "support": 316}, "1": {"precision": 0.8258953168044078, "recall": 0.9973386560212908, "f1-score": 0.9035563592525617, "support": 1503}, "accuracy": 0.8240791643760308, "macro avg": {"precision": 0.4129476584022039, "recall": 0.4986693280106454, "f1-score": 0.45177817962628086, "support": 1819}, "weighted avg": {"precision": 0.6824192749626306, "recall": 0.8240791643760308, "f1-score": 0.746588899371413, "support": 1819}}
