{"0.0": {"precision": 0.562446898895497, "recall": 0.7211328976034859, "f1-score": 0.6319809069212411, "support": 918}, "1.0": {"precision": 0.7938808373590982, "recall": 0.6568954030646236, "f1-score": 0.7189208895370034, "support": 1501}, "accuracy": 0.6812732534105002, "macro avg": {"precision": 0.6781638681272977, "recall": 0.6890141503340548, "f1-score": 0.6754508982291223, "support": 2419}, "weighted avg": {"precision": 0.7060526622827914, "recall": 0.6812732534105002, "f1-score": 0.6859275435091945, "support": 2419}}
