{"0.0": {"precision": 0.576530612244898, "recall": 0.740174672489083, "f1-score": 0.6481835564053536, "support": 916}, "1.0": {"precision": 0.8085277554304103, "recall": 0.6686626746506986, "f1-score": 0.7319737800437, "support": 1503}, "accuracy": 0.6957420421661844, "macro avg": {"precision": 0.6925291838376542, "recall": 0.7044186735698907, "f1-score": 0.6900786682245268, "support": 2419}, "weighted avg": {"precision": 0.7206776590443296, "recall": 0.6957420421661844, "f1-score": 0.7002450306213248, "support": 2419}}
