{"0.0": {"precision": 0.5561497326203209, "recall": 0.6925638179800222, "f1-score": 0.6169055857637172, "support": 901}, "1.0": {"precision": 0.7864302235929067, "recall": 0.6719367588932806, "f1-score": 0.7246891651865008, "support": 1518}, "accuracy": 0.6796196775527077, "macro avg": {"precision": 0.6712899781066137, "recall": 0.6822502884366515, "f1-score": 0.6707973754751091, "support": 2419}, "weighted avg": {"precision": 0.7006581184394135, "recall": 0.6796196775527077, "f1-score": 0.6845432350253069, "support": 2419}}
