{"0.0": {"precision": 0.0, "recall": 0.0, "f1-score": 0.0, "support": 896}, "1.0": {"precision": 0.6295990078544853, "recall": 1.0, "f1-score": 0.7727042110603755, "support": 1523}, "accuracy": 0.6295990078544853, "macro avg": {"precision": 0.31479950392724265, "recall": 0.5, "f1-score": 0.38635210553018773, "support": 2419}, "weighted avg": {"precision": 0.39639491069135224, "recall": 0.6295990078544853, "f1-score": 0.4864938046485952, "support": 2419}}
