{"0": {"precision": 0.0, "recall": 0.0, "f1-score": 0.0, "support": 335}, "1": {"precision": 0.8157315731573157, "recall": 0.9993261455525606, "f1-score": 0.8982434887946699, "support": 1484}, "accuracy": 0.8152831225948324, "macro avg": {"precision": 0.40786578657865785, "recall": 0.4996630727762803, "f1-score": 0.44912174439733493, "support": 1819}, "weighted avg": {"precision": 0.6655006347253747, "recall": 0.8152831225948324, "f1-score": 0.7328165680985652, "support": 1819}}
