{"0": {"precision": 0.25, "recall": 0.025089605734767026, "f1-score": 0.04560260586319218, "support": 279}, "1": {"precision": 0.8481295365717476, "recall": 0.9863636363636363, "f1-score": 0.9120384268988292, "support": 1540}, "accuracy": 0.8389224848818032, "macro avg": {"precision": 0.5490647682858738, "recall": 0.5057266210492016, "f1-score": 0.4788205163810107, "support": 1819}, "weighted avg": {"precision": 0.7563878429469442, "recall": 0.8389224848818032, "f1-score": 0.779143652809251, "support": 1819}}
