{"0": {"precision": 0.0, "recall": 0.0, "f1-score": 0.0, "support": 323}, "1": {"precision": 0.822429906542056, "recall": 1.0, "f1-score": 0.9025641025641025, "support": 1496}, "accuracy": 0.822429906542056, "macro avg": {"precision": 0.411214953271028, "recall": 0.5, "f1-score": 0.45128205128205123, "support": 1819}, "weighted avg": {"precision": 0.6763909511747751, "recall": 0.822429906542056, "f1-score": 0.7422957105200094, "support": 1819}}
