{"0.0": {"precision": 0.5793650793650794, "recall": 0.7934782608695652, "f1-score": 0.6697247706422019, "support": 920}, "1.0": {"precision": 0.8360655737704918, "recall": 0.6464309539693128, "f1-score": 0.7291196388261851, "support": 1499}, "accuracy": 0.7023563455973543, "macro avg": {"precision": 0.7077153265677856, "recall": 0.719954607419439, "f1-score": 0.6994222047341936, "support": 2419}, "weighted avg": {"precision": 0.7384366135170898, "recall": 0.7023563455973543, "f1-score": 0.7065304372018509, "support": 2419}}
