{"0": {"precision": 0.07692307692307693, "recall": 0.003194888178913738, "f1-score": 0.0061349693251533735, "support": 313}, "1": {"precision": 0.8272425249169435, "recall": 0.9920318725099602, "f1-score": 0.9021739130434783, "support": 1506}, "accuracy": 0.8218801539307312, "macro avg": {"precision": 0.4520828009200102, "recall": 0.497613380344437, "f1-score": 0.4541544411843158, "support": 1819}, "weighted avg": {"precision": 0.6981331311719846, "recall": 0.8218801539307312, "f1-score": 0.7479901915570375, "support": 1819}}
