{"0": {"precision": 0.2357142857142857, "recall": 0.103125, "f1-score": 0.14347826086956522, "support": 320}, "1": {"precision": 0.8290649195949971, "recall": 0.9286190793862575, "f1-score": 0.8760226557583386, "support": 1499}, "accuracy": 0.7833974711379879, "macro avg": {"precision": 0.5323896026546414, "recall": 0.5158720396931288, "f1-score": 0.5097504583139519, "support": 1819}, "weighted avg": {"precision": 0.7246821802646904, "recall": 0.7833974711379879, "f1-score": 0.7471528336778508, "support": 1819}}
