{"0.0": {"precision": 0.5815412186379928, "recall": 0.7292134831460674, "f1-score": 0.6470588235294117, "support": 890}, "1.0": {"precision": 0.8150422102839601, "recall": 0.6945716154349247, "f1-score": 0.7500000000000001, "support": 1529}, "accuracy": 0.7073170731707317, "macro avg": {"precision": 0.6982917144609764, "recall": 0.7118925492904961, "f1-score": 0.6985294117647058, "support": 2419}, "weighted avg": {"precision": 0.7291323787151668, "recall": 0.7073170731707317, "f1-score": 0.7121258176689444, "support": 2419}}
