{"0": {"precision": 0.2222222222222222, "recall": 0.007017543859649123, "f1-score": 0.01360544217687075, "support": 285}, "1": {"precision": 0.843646408839779, "recall": 0.9954367666232073, "f1-score": 0.9132775119617225, "support": 1534}, "accuracy": 0.840571742715778, "macro avg": {"precision": 0.5329343155310007, "recall": 0.5012271552414282, "f1-score": 0.4634414770692966, "support": 1819}, "weighted avg": {"precision": 0.746281981579744, "recall": 0.840571742715778, "f1-score": 0.7723173470971361, "support": 1819}}
