{"0": {"precision": 0.22189349112426035, "recall": 0.23076923076923078, "f1-score": 0.22624434389140274, "support": 325}, "1": {"precision": 0.8311951384199865, "recall": 0.8239625167336011, "f1-score": 0.8275630252100841, "support": 1494}, "accuracy": 0.7179769103903244, "macro avg": {"precision": 0.5265443147721234, "recall": 0.527365873751416, "f1-score": 0.5269036845507434, "support": 1819}, "weighted avg": {"precision": 0.7223314576222344, "recall": 0.7179769103903244, "f1-score": 0.7201256577397314, "support": 1819}}
