{"0": {"precision": 0.18518518518518517, "recall": 0.015873015873015872, "f1-score": 0.029239766081871343, "support": 315}, "1": {"precision": 0.8270089285714286, "recall": 0.9853723404255319, "f1-score": 0.8992718446601942, "support": 1504}, "accuracy": 0.817482133040132, "macro avg": {"precision": 0.5060970568783069, "recall": 0.5006226781492739, "f1-score": 0.4642558053710327, "support": 1819}, "weighted avg": {"precision": 0.7158629807063013, "recall": 0.817482133040132, "f1-score": 0.748606586412711, "support": 1819}}
