{"0.0": {"precision": 0.5711920529801324, "recall": 0.7624309392265194, "f1-score": 0.65309985802177, "support": 905}, "1.0": {"precision": 0.8224607762180016, "recall": 0.6578599735799208, "f1-score": 0.7310091743119267, "support": 1514}, "accuracy": 0.6969822240595287, "macro avg": {"precision": 0.696826414599067, "recall": 0.7101454564032201, "f1-score": 0.6920545161668483, "support": 2419}, "weighted avg": {"precision": 0.7284557350727882, "recall": 0.6969822240595287, "f1-score": 0.7018616210905162, "support": 2419}}
