{"0": {"precision": 0.0, "recall": 0.0, "f1-score": 0.0, "support": 291}, "1": {"precision": 0.840021990104453, "recall": 1.0, "f1-score": 0.9130564684792352, "support": 1528}, "accuracy": 0.840021990104453, "macro avg": {"precision": 0.4200109950522265, "recall": 0.5, "f1-score": 0.4565282342396176, "support": 1819}, "weighted avg": {"precision": 0.7056369438590457, "recall": 0.840021990104453, "f1-score": 0.7669875117296708, "support": 1819}}
