{"0": {"precision": 0.05555555555555555, "recall": 0.0030303030303030303, "f1-score": 0.005747126436781609, "support": 330}, "1": {"precision": 0.8173237090505275, "recall": 0.9885829415715245, "f1-score": 0.8948328267477205, "support": 1489}, "accuracy": 0.8097855964815833, "macro avg": {"precision": 0.43643963230304156, "recall": 0.49580662230091377, "f1-score": 0.45028997659225106, "support": 1819}, "weighted avg": {"precision": 0.6791249786198839, "recall": 0.8097855964815833, "f1-score": 0.7335363555533226, "support": 1819}}
