{"0": {"precision": 0.2268041237113402, "recall": 0.13664596273291926, "f1-score": 0.17054263565891473, "support": 322}, "1": {"precision": 0.8289230769230769, "recall": 0.8997995991983968, "f1-score": 0.862908392056374, "support": 1497}, "accuracy": 0.7647058823529411, "macro avg": {"precision": 0.5278636003172086, "recall": 0.518222780965658, "f1-score": 0.5167255138576444, "support": 1819}, "weighted avg": {"precision": 0.7223357745953257, "recall": 0.7647058823529411, "f1-score": 0.7403455698683686, "support": 1819}}
