{"0": {"precision": 0.0, "recall": 0.0, "f1-score": 0.0, "support": 307}, "1": {"precision": 0.8312259483232546, "recall": 1.0, "f1-score": 0.9078354848393877, "support": 1512}, "accuracy": 0.8312259483232546, "macro avg": {"precision": 0.4156129741616273, "recall": 0.5, "f1-score": 0.45391774241969385, "support": 1819}, "weighted avg": {"precision": 0.6909365771658939, "recall": 0.8312259483232546, "f1-score": 0.7546164118071216, "support": 1819}}
