{"0": {"precision": 0.0, "recall": 0.0, "f1-score": 0.0, "support": 306}, "1": {"precision": 0.8317757009345794, "recall": 1.0, "f1-score": 0.9081632653061225, "support": 1513}, "accuracy": 0.8317757009345794, "macro avg": {"precision": 0.4158878504672897, "recall": 0.5, "f1-score": 0.45408163265306123, "support": 1819}, "weighted avg": {"precision": 0.6918508166652109, "recall": 0.8317757009345794, "f1-score": 0.7553881365630365, "support": 1819}}
