{"0.0": {"precision": 0.5919085312225154, "recall": 0.7544843049327354, "f1-score": 0.6633809758501725, "support": 892}, "1.0": {"precision": 0.8291731669266771, "recall": 0.696136214800262, "f1-score": 0.7568529725881098, "support": 1527}, "accuracy": 0.7176519222819346, "macro avg": {"precision": 0.7105408490745962, "recall": 0.7253102598664987, "f1-score": 0.7101169742191411, "support": 2419}, "weighted avg": {"precision": 0.7416824455343198, "recall": 0.7176519222819346, "f1-score": 0.722385415295741, "support": 2419}}
