{"0.0": {"precision": 0.5584970111016225, "recall": 0.7534562211981567, "f1-score": 0.6414909269249631, "support": 868}, "1.0": {"precision": 0.8285256410256411, "recall": 0.6666666666666666, "f1-score": 0.738835298320829, "support": 1551}, "accuracy": 0.6978090119884249, "macro avg": {"precision": 0.6935113260636319, "recall": 0.7100614439324117, "f1-score": 0.690163112622896, "support": 2419}, "weighted avg": {"precision": 0.7316323583575766, "recall": 0.6978090119884249, "f1-score": 0.7039056106930441, "support": 2419}}
