{"0.0": {"precision": 0.5562130177514792, "recall": 0.7105831533477321, "f1-score": 0.6239924134660976, "support": 926}, "1.0": {"precision": 0.7831715210355987, "recall": 0.6483590087073008, "f1-score": 0.7094173689996336, "support": 1493}, "accuracy": 0.6721785861926416, "macro avg": {"precision": 0.669692269393539, "recall": 0.6794710810275164, "f1-score": 0.6667048912328656, "support": 2419}, "weighted avg": {"precision": 0.6962911679801648, "recall": 0.6721785861926416, "f1-score": 0.676716455885101, "support": 2419}}
