{"0.0": {"precision": 0.584092792046396, "recall": 0.7688113413304253, "f1-score": 0.6638418079096045, "support": 917}, "1.0": {"precision": 0.8250825082508251, "recall": 0.6657789613848203, "f1-score": 0.7369196757553428, "support": 1502}, "accuracy": 0.704836709384043, "macro avg": {"precision": 0.7045876501486106, "recall": 0.7172951513576228, "f1-score": 0.7003807418324737, "support": 2419}, "weighted avg": {"precision": 0.7337275806942061, "recall": 0.704836709384043, "f1-score": 0.7092171520618571, "support": 2419}}
