{"0": {"precision": 0.0, "recall": 0.0, "f1-score": 0.0, "support": 326}, "1": {"precision": 0.8207806487080813, "recall": 1.0, "f1-score": 0.9015700483091788, "support": 1493}, "accuracy": 0.8207806487080813, "macro avg": {"precision": 0.41039032435404066, "recall": 0.5, "f1-score": 0.4507850241545894, "support": 1819}, "weighted avg": {"precision": 0.6736808732936589, "recall": 0.8207806487080813, "f1-score": 0.739991249106984, "support": 1819}}
