{"0.0": {"precision": 0.6140519730510106, "recall": 0.7065337763012182, "f1-score": 0.6570545829042225, "support": 903}, "1.0": {"precision": 0.8079710144927537, "recall": 0.7354881266490765, "f1-score": 0.7700276243093923, "support": 1516}, "accuracy": 0.7246796196775527, "macro avg": {"precision": 0.7110114937718821, "recall": 0.7210109514751473, "f1-score": 0.7135411036068073, "support": 2419}, "weighted avg": {"precision": 0.7355820544175597, "recall": 0.7246796196775527, "f1-score": 0.7278553810729854, "support": 2419}}
