{"0": {"precision": 0.20833333333333334, "recall": 0.017064846416382253, "f1-score": 0.031545741324921134, "support": 293}, "1": {"precision": 0.8395543175487465, "recall": 0.9875491480996068, "f1-score": 0.9075579644685335, "support": 1526}, "accuracy": 0.8312259483232546, "macro avg": {"precision": 0.5239438254410399, "recall": 0.5023069972579945, "f1-score": 0.46955185289672735, "support": 1819}, "weighted avg": {"precision": 0.7378788099208653, "recall": 0.8312259483232546, "f1-score": 0.7664520923513931, "support": 1819}}
