{"0.0": {"precision": 0.5746938775510204, "recall": 0.775330396475771, "f1-score": 0.6601031411157994, "support": 908}, "1.0": {"precision": 0.8291457286432161, "recall": 0.6551952349437459, "f1-score": 0.7319778188539741, "support": 1511}, "accuracy": 0.7002893757751136, "macro avg": {"precision": 0.7019198030971183, "recall": 0.7152628157097585, "f1-score": 0.6960404799848867, "support": 2419}, "weighted avg": {"precision": 0.7336342442315941, "recall": 0.7002893757751136, "f1-score": 0.7049988162139317, "support": 2419}}
