{"0": {"precision": 0.0, "recall": 0.0, "f1-score": 0.0, "support": 310}, "1": {"precision": 0.8295766904892798, "recall": 1.0, "f1-score": 0.9068509615384616, "support": 1509}, "accuracy": 0.8295766904892798, "macro avg": {"precision": 0.4147883452446399, "recall": 0.5, "f1-score": 0.4534254807692308, "support": 1819}, "weighted avg": {"precision": 0.6881974854031464, "recall": 0.8295766904892798, "f1-score": 0.7523024194400981, "support": 1819}}
