{"0": {"precision": 0.19827586206896552, "recall": 0.15862068965517243, "f1-score": 0.1762452107279694, "support": 290}, "1": {"precision": 0.8462507876496534, "recall": 0.8783518639633747, "f1-score": 0.862002567394095, "support": 1529}, "accuracy": 0.7636063771302913, "macro avg": {"precision": 0.5222633248593095, "recall": 0.5184862768092736, "f1-score": 0.5191238890610321, "support": 1819}, "weighted avg": {"precision": 0.7429452745004509, "recall": 0.7636063771302913, "f1-score": 0.7526734671009798, "support": 1819}}
