{"0": {"precision": 0.4152542372881356, "recall": 0.15654952076677317, "f1-score": 0.2273781902552204, "support": 313}, "1": {"precision": 0.8447971781305115, "recall": 0.954183266932271, "f1-score": 0.8961646398503275, "support": 1506}, "accuracy": 0.816932380428807, "macro avg": {"precision": 0.6300257077093235, "recall": 0.555366393849522, "f1-score": 0.561771415052774, "support": 1819}, "weighted avg": {"precision": 0.7708846215149734, "recall": 0.816932380428807, "f1-score": 0.781084838463154, "support": 1819}}
