{"0.0": {"precision": 0.5763389288569145, "recall": 0.781148429035753, "f1-score": 0.6632934682612697, "support": 923}, "1.0": {"precision": 0.827054794520548, "recall": 0.6457219251336899, "f1-score": 0.7252252252252254, "support": 1496}, "accuracy": 0.6973956180239769, "macro avg": {"precision": 0.7016968616887312, "recall": 0.7134351770847214, "f1-score": 0.6942593467432475, "support": 2419}, "weighted avg": {"precision": 0.7313909896393849, "recall": 0.6973956180239769, "f1-score": 0.701594381207974, "support": 2419}}
