{"0.0": {"precision": 0.564686737184703, "recall": 0.753528773072747, "f1-score": 0.6455813953488372, "support": 921}, "1.0": {"precision": 0.8092436974789916, "recall": 0.6428571428571429, "f1-score": 0.7165178571428571, "support": 1498}, "accuracy": 0.6849937990905333, "macro avg": {"precision": 0.6869652173318472, "recall": 0.698192957964945, "f1-score": 0.6810496262458472, "support": 2419}, "weighted avg": {"precision": 0.7161320974661599, "recall": 0.6849937990905333, "f1-score": 0.6895098036859358, "support": 2419}}
