{"0.0": {"precision": 0.5707070707070707, "recall": 0.7475192943770672, "f1-score": 0.6472553699284009, "support": 907}, "1.0": {"precision": 0.8139723801787165, "recall": 0.6626984126984127, "f1-score": 0.7305869485964273, "support": 1512}, "accuracy": 0.69450186027284, "macro avg": {"precision": 0.6923397254428936, "recall": 0.7051088535377399, "f1-score": 0.688921159262414, "support": 2419}, "weighted avg": {"precision": 0.7227604596781863, "recall": 0.69450186027284, "f1-score": 0.6993419126923761, "support": 2419}}
