{"0.0": {"precision": 0.5, "recall": 0.030434782608695653, "f1-score": 0.05737704918032786, "support": 920}, "1.0": {"precision": 0.6225137537029201, "recall": 0.981320880587058, "f1-score": 0.7617814603832211, "support": 1499}, "accuracy": 0.6196775527077305, "macro avg": {"precision": 0.5612568768514601, "recall": 0.5058778315978768, "f1-score": 0.4095792547817745, "support": 2419}, "weighted avg": {"precision": 0.5759190230676632, "recall": 0.6196775527077305, "f1-score": 0.4938806508310666, "support": 2419}}
