{"0.0": {"precision": 0.5734840698869476, "recall": 0.6319365798414496, "f1-score": 0.6012931034482759, "support": 883}, "1.0": {"precision": 0.7752420470262794, "recall": 0.7298177083333334, "f1-score": 0.7518443997317237, "support": 1536}, "accuracy": 0.6940884663083919, "macro avg": {"precision": 0.6743630584566135, "recall": 0.6808771440873915, "f1-score": 0.6765687515899999, "support": 2419}, "weighted avg": {"precision": 0.7015949640109714, "recall": 0.6940884663083919, "f1-score": 0.6968891311834458, "support": 2419}}
