{"0": {"precision": 0.25, "recall": 0.019933554817275746, "f1-score": 0.03692307692307692, "support": 301}, "1": {"precision": 0.8356545961002786, "recall": 0.9881422924901185, "f1-score": 0.9055236945366738, "support": 1518}, "accuracy": 0.8279274326553051, "macro avg": {"precision": 0.5428272980501393, "recall": 0.5040379236536972, "f1-score": 0.4712233857298754, "support": 1819}, "weighted avg": {"precision": 0.73874308789457, "recall": 0.8279274326553051, "f1-score": 0.7617915417594926, "support": 1819}}
