{"0": {"precision": 0.0, "recall": 0.0, "f1-score": 0.0, "support": 300}, "1": {"precision": 0.8350742166025289, "recall": 1.0, "f1-score": 0.9101258238466148, "support": 1519}, "accuracy": 0.8350742166025289, "macro avg": {"precision": 0.41753710830126445, "recall": 0.5, "f1-score": 0.4550629119233074, "support": 1819}, "weighted avg": {"precision": 0.6973489472343274, "recall": 0.8350742166025289, "f1-score": 0.760022609358443, "support": 1819}}
