{"0.0": {"precision": 0.5768566493955095, "recall": 0.7324561403508771, "f1-score": 0.6454106280193236, "support": 912}, "1.0": {"precision": 0.8065027755749405, "recall": 0.674850696748507, "f1-score": 0.7348265895953758, "support": 1507}, "accuracy": 0.6965688300950806, "macro avg": {"precision": 0.691679712485225, "recall": 0.7036534185496921, "f1-score": 0.6901186088073497, "support": 2419}, "weighted avg": {"precision": 0.7199226734353619, "recall": 0.6965688300950806, "f1-score": 0.7011154044125071, "support": 2419}}
