{"0.0": {"precision": 0.5617391304347826, "recall": 0.7201783723522854, "f1-score": 0.6311675622862727, "support": 897}, "1.0": {"precision": 0.8022064617809299, "recall": 0.668856767411301, "f1-score": 0.7294876388391257, "support": 1522}, "accuracy": 0.6878875568416701, "macro avg": {"precision": 0.6819727961078563, "recall": 0.6945175698817931, "f1-score": 0.6803276005626993, "support": 2419}, "weighted avg": {"precision": 0.7130377159283073, "recall": 0.6878875568416701, "f1-score": 0.6930291400098949, "support": 2419}}
