{"0": {"precision": 0.0, "recall": 0.0, "f1-score": 0.0, "support": 341}, "1": {"precision": 0.8125343595382079, "recall": 1.0, "f1-score": 0.8965726417955717, "support": 1478}, "accuracy": 0.8125343595382079, "macro avg": {"precision": 0.4062671797691039, "recall": 0.5, "f1-score": 0.44828632089778586, "support": 1819}, "weighted avg": {"precision": 0.6602120854301655, "recall": 0.8125343595382079, "f1-score": 0.7284960772808439, "support": 1819}}
