{"0.0": {"precision": 0.5293631100082713, "recall": 0.7297605473204105, "f1-score": 0.6136145733461169, "support": 877}, "1.0": {"precision": 0.8041322314049587, "recall": 0.6309987029831388, "f1-score": 0.7071220930232558, "support": 1542}, "accuracy": 0.666804464654816, "macro avg": {"precision": 0.666747670706615, "recall": 0.6803796251517746, "f1-score": 0.6603683331846864, "support": 2419}, "weighted avg": {"precision": 0.7045156462603143, "recall": 0.666804464654816, "f1-score": 0.673221268402813, "support": 2419}}
