{"0.0": {"precision": 0.5899025686448184, "recall": 0.7107790821771611, "f1-score": 0.6447241045498547, "support": 937}, "1.0": {"precision": 0.789922480620155, "recall": 0.6875843454790823, "f1-score": 0.7352092352092351, "support": 1482}, "accuracy": 0.6965688300950806, "macro avg": {"precision": 0.6899125246324866, "recall": 0.6991817138281218, "f1-score": 0.6899666698795449, "support": 2419}, "weighted avg": {"precision": 0.7124447387760499, "recall": 0.6965688300950806, "f1-score": 0.7001598067562217, "support": 2419}}
