{"0": {"precision": 0.3125, "recall": 0.015527950310559006, "f1-score": 0.029585798816568046, "support": 322}, "1": {"precision": 0.8241819190238492, "recall": 0.9926519706078825, "f1-score": 0.9006060606060606, "support": 1497}, "accuracy": 0.8196811434854315, "macro avg": {"precision": 0.5683409595119246, "recall": 0.5040899604592207, "f1-score": 0.46509592971131436, "support": 1819}, "weighted avg": {"precision": 0.7336038113131953, "recall": 0.8196811434854315, "f1-score": 0.7464177569797733, "support": 1819}}
