{"0.0": {"precision": 0.5691056910569106, "recall": 0.7667031763417306, "f1-score": 0.653289780681288, "support": 913}, "1.0": {"precision": 0.8208578637510513, "recall": 0.648074369189907, "f1-score": 0.72430426716141, "support": 1506}, "accuracy": 0.6928482844150475, "macro avg": {"precision": 0.6949817774039809, "recall": 0.7073887727658188, "f1-score": 0.688797023921349, "support": 2419}, "weighted avg": {"precision": 0.7258393711219687, "recall": 0.6928482844150475, "f1-score": 0.697501362590781, "support": 2419}}
