{"0.0": {"precision": 0.4936562860438293, "recall": 0.4930875576036866, "f1-score": 0.49337175792507204, "support": 868}, "1.0": {"precision": 0.7164948453608248, "recall": 0.716956802063185, "f1-score": 0.7167257492748952, "support": 1551}, "accuracy": 0.6366267052501033, "macro avg": {"precision": 0.605075565702327, "recall": 0.6050221798334359, "f1-score": 0.6050487535999836, "support": 2419}, "weighted avg": {"precision": 0.6365345851346353, "recall": 0.6366267052501033, "f1-score": 0.6365805386541236, "support": 2419}}
