{"0.0": {"precision": 0.5795262267343486, "recall": 0.7619577308120133, "f1-score": 0.6583373378183566, "support": 899}, "1.0": {"precision": 0.8270008084074374, "recall": 0.6730263157894737, "f1-score": 0.7421109902067464, "support": 1520}, "accuracy": 0.7060768912773874, "macro avg": {"precision": 0.703263517570893, "recall": 0.7174920233007436, "f1-score": 0.7002241640125515, "support": 2419}, "weighted avg": {"precision": 0.7350290643296752, "recall": 0.7060768912773874, "f1-score": 0.7109772516796019, "support": 2419}}
