{"0": {"precision": 0.0, "recall": 0.0, "f1-score": 0.0, "support": 280}, "1": {"precision": 0.8460692688290269, "recall": 1.0, "f1-score": 0.9166170339487789, "support": 1539}, "accuracy": 0.8460692688290269, "macro avg": {"precision": 0.42303463441451344, "recall": 0.5, "f1-score": 0.45830851697438946, "support": 1819}, "weighted avg": {"precision": 0.7158332076568843, "recall": 0.8460692688290269, "f1-score": 0.7755215037092748, "support": 1819}}
