{"0.0": {"precision": 0.5642276422764227, "recall": 0.7551686615886833, "f1-score": 0.6458818054909259, "support": 919}, "1.0": {"precision": 0.8107653490328006, "recall": 0.6426666666666667, "f1-score": 0.7169951654890293, "support": 1500}, "accuracy": 0.6854071930549814, "macro avg": {"precision": 0.6874964956546117, "recall": 0.6989176641276751, "f1-score": 0.6814384854899775, "support": 2419}, "weighted avg": {"precision": 0.7171034422493731, "recall": 0.6854071930549814, "f1-score": 0.6899785562131894, "support": 2419}}
