{"0.0": {"precision": 0.5698924731182796, "recall": 0.7613259668508288, "f1-score": 0.651844843897824, "support": 905}, "1.0": {"precision": 0.8214876033057851, "recall": 0.6565389696169088, "f1-score": 0.7298091042584434, "support": 1514}, "accuracy": 0.6957420421661844, "macro avg": {"precision": 0.6956900382120323, "recall": 0.7089324682338688, "f1-score": 0.6908269740781336, "support": 2419}, "weighted avg": {"precision": 0.7273604462906166, "recall": 0.6957420421661844, "f1-score": 0.7006409952768969, "support": 2419}}
