{"0": {"precision": 0.0, "recall": 0.0, "f1-score": 0.0, "support": 313}, "1": {"precision": 0.8274531422271224, "recall": 0.9966799468791501, "f1-score": 0.9042168674698796, "support": 1506}, "accuracy": 0.8251786695986806, "macro avg": {"precision": 0.4137265711135612, "recall": 0.49833997343957503, "f1-score": 0.4521084337349398, "support": 1819}, "weighted avg": {"precision": 0.6850711556866665, "recall": 0.8251786695986806, "f1-score": 0.7486259496479597, "support": 1819}}
