{"0.0": {"precision": 0.5928196147110333, "recall": 0.7407002188183808, "f1-score": 0.6585603112840467, "support": 914}, "1.0": {"precision": 0.8144087705559906, "recall": 0.6910299003322259, "f1-score": 0.7476635514018691, "support": 1505}, "accuracy": 0.7097974369574204, "macro avg": {"precision": 0.703614192633512, "recall": 0.7158650595753033, "f1-score": 0.7031119313429579, "support": 2419}, "weighted avg": {"precision": 0.730683062229289, "recall": 0.7097974369574204, "f1-score": 0.713996597508653, "support": 2419}}
