{"0.0": {"precision": 0.566904196357878, "recall": 0.7665952890792291, "f1-score": 0.651797906235776, "support": 934}, "1.0": {"precision": 0.8114186851211073, "recall": 0.6316498316498317, "f1-score": 0.7103369935630444, "support": 1485}, "accuracy": 0.683753617197189, "macro avg": {"precision": 0.6891614407394926, "recall": 0.6991225603645304, "f1-score": 0.6810674498994103, "support": 2419}, "weighted avg": {"precision": 0.71700920496201, "recall": 0.683753617197189, "f1-score": 0.6877344687330863, "support": 2419}}
