{"0.0": {"precision": 0.5794466403162055, "recall": 0.784796573875803, "f1-score": 0.6666666666666666, "support": 934}, "1.0": {"precision": 0.8258232235701907, "recall": 0.6417508417508417, "f1-score": 0.7222432739674118, "support": 1485}, "accuracy": 0.6969822240595287, "macro avg": {"precision": 0.7026349319431981, "recall": 0.7132737078133224, "f1-score": 0.6944549703170393, "support": 2419}, "weighted avg": {"precision": 0.7306947701765477, "recall": 0.6969822240595287, "f1-score": 0.7007845921902741, "support": 2419}}
