{"0.0": {"precision": 0.59763851044505, "recall": 0.6882845188284519, "f1-score": 0.6397666504618378, "support": 956}, "1.0": {"precision": 0.7738998482549317, "recall": 0.6971975393028025, "f1-score": 0.7335490830636462, "support": 1463}, "accuracy": 0.6936750723439438, "macro avg": {"precision": 0.6857691793499909, "recall": 0.6927410290656272, "f1-score": 0.686657866762742, "support": 2419}, "weighted avg": {"precision": 0.7042405514602864, "recall": 0.6936750723439438, "f1-score": 0.6964858314855856, "support": 2419}}
