{"0.0": {"precision": 0.5897226753670473, "recall": 0.7732620320855615, "f1-score": 0.6691346598796853, "support": 935}, "1.0": {"precision": 0.8222967309304275, "recall": 0.6610512129380054, "f1-score": 0.7329099738513262, "support": 1484}, "accuracy": 0.7044233154195949, "macro avg": {"precision": 0.7060097031487373, "recall": 0.7171566225117835, "f1-score": 0.7010223168655058, "support": 2419}, "weighted avg": {"precision": 0.7324014262790177, "recall": 0.7044233154195949, "f1-score": 0.7082593254166489, "support": 2419}}
