{"0": {"precision": 0.0, "recall": 0.0, "f1-score": 0.0, "support": 325}, "1": {"precision": 0.8213304013194063, "recall": 1.0, "f1-score": 0.901901599758527, "support": 1494}, "accuracy": 0.8213304013194063, "macro avg": {"precision": 0.41066520065970313, "recall": 0.5, "f1-score": 0.4509507998792635, "support": 1819}, "weighted avg": {"precision": 0.674583628131497, "recall": 0.8213304013194063, "f1-score": 0.7407592028802855, "support": 1819}}
