{"0": {"precision": 0.25, "recall": 0.036303630363036306, "f1-score": 0.06340057636887608, "support": 303}, "1": {"precision": 0.8354929577464789, "recall": 0.9782321899736148, "f1-score": 0.9012458219386205, "support": 1516}, "accuracy": 0.8213304013194063, "macro avg": {"precision": 0.5427464788732395, "recall": 0.5072679101683256, "f1-score": 0.48232319915374827, "support": 1819}, "weighted avg": {"precision": 0.7379644441691381, "recall": 0.8213304013194063, "f1-score": 0.7616817156122694, "support": 1819}}
