{"0": {"precision": 0.45, "recall": 0.09712230215827339, "f1-score": 0.15976331360946747, "support": 278}, "1": {"precision": 0.8573052870949404, "recall": 0.9785853341985724, "f1-score": 0.913939393939394, "support": 1541}, "accuracy": 0.8438702583837273, "macro avg": {"precision": 0.6536526435474702, "recall": 0.5378538181784229, "f1-score": 0.5368513537744307, "support": 1819}, "weighted avg": {"precision": 0.7950563207329868, "recall": 0.8438702583837273, "f1-score": 0.7986777390016702, "support": 1819}}
