{"0": {"precision": 0.21212121212121213, "recall": 0.11824324324324324, "f1-score": 0.15184381778741865, "support": 296}, "1": {"precision": 0.8422007255139057, "recall": 0.9146421536441235, "f1-score": 0.8769279194208373, "support": 1523}, "accuracy": 0.7850467289719626, "macro avg": {"precision": 0.5271609688175589, "recall": 0.5164426984436834, "f1-score": 0.5143858686041279, "support": 1819}, "weighted avg": {"precision": 0.7396699195962382, "recall": 0.7850467289719626, "f1-score": 0.7589373234431067, "support": 1819}}
