{"0.0": {"precision": 0.5747126436781609, "recall": 0.49944506104328523, "f1-score": 0.5344418052256532, "support": 901}, "1.0": {"precision": 0.7243276283618582, "recall": 0.7806324110671937, "f1-score": 0.75142675967026, "support": 1518}, "accuracy": 0.6758991318726747, "macro avg": {"precision": 0.6495201360200096, "recall": 0.6400387360552395, "f1-score": 0.6429342824479566, "support": 2419}, "weighted avg": {"precision": 0.6686008399368845, "recall": 0.6758991318726747, "f1-score": 0.6706068159106111, "support": 2419}}
