{"0.0": {"precision": 0.5811897106109325, "recall": 0.7833152762730228, "f1-score": 0.6672819566220582, "support": 923}, "1.0": {"precision": 0.8297872340425532, "recall": 0.6517379679144385, "f1-score": 0.7300636465743168, "support": 1496}, "accuracy": 0.7019429516329062, "macro avg": {"precision": 0.7054884723267428, "recall": 0.7175266220937306, "f1-score": 0.6986728015981876, "support": 2419}, "weighted avg": {"precision": 0.7349317093929517, "recall": 0.7019429516329062, "f1-score": 0.706108499891417, "support": 2419}}
