{"0": {"precision": 0.08333333333333333, "recall": 0.003257328990228013, "f1-score": 0.006269592476489029, "support": 307}, "1": {"precision": 0.8306585500830105, "recall": 0.9927248677248677, "f1-score": 0.904489304007231, "support": 1512}, "accuracy": 0.8257284222100055, "macro avg": {"precision": 0.4569959417081719, "recall": 0.49799109835754785, "f1-score": 0.45537944824186005, "support": 1819}, "weighted avg": {"precision": 0.7045294453319655, "recall": 0.8257284222100055, "f1-score": 0.7528931239962702, "support": 1819}}
