{"0": {"precision": 0.0, "recall": 0.0, "f1-score": 0.0, "support": 301}, "1": {"precision": 0.8337934842628382, "recall": 0.994729907773386, "f1-score": 0.9071793331330731, "support": 1518}, "accuracy": 0.8301264431006047, "macro avg": {"precision": 0.4168967421314191, "recall": 0.497364953886693, "f1-score": 0.45358966656653654, "support": 1819}, "weighted avg": {"precision": 0.6958210605338034, "recall": 0.8301264431006047, "f1-score": 0.7570633467267757, "support": 1819}}
