{"0.0": {"precision": 0.5186915887850467, "recall": 0.7699421965317919, "f1-score": 0.6198231735691019, "support": 865}, "1.0": {"precision": 0.824669603524229, "recall": 0.6023166023166023, "f1-score": 0.6961695797694311, "support": 1554}, "accuracy": 0.6622571310458867, "macro avg": {"precision": 0.6716805961546379, "recall": 0.686129399424197, "f1-score": 0.6579963766692665, "support": 2419}, "weighted avg": {"precision": 0.7152562166910778, "recall": 0.6622571310458867, "f1-score": 0.6688691906155309, "support": 2419}}
