{"0.0": {"precision": 0.5933869526362824, "recall": 0.7296703296703296, "f1-score": 0.6545096106456382, "support": 910}, "1.0": {"precision": 0.8107692307692308, "recall": 0.6984758117958914, "f1-score": 0.7504449982200073, "support": 1509}, "accuracy": 0.7102108309218685, "macro avg": {"precision": 0.7020780917027566, "recall": 0.7140730707331104, "f1-score": 0.7024773044328227, "support": 2419}, "weighted avg": {"precision": 0.7289925159693205, "recall": 0.7102108309218685, "f1-score": 0.7143552079377933, "support": 2419}}
