{"0.0": {"precision": 0.5957081545064378, "recall": 0.7422459893048128, "f1-score": 0.660952380952381, "support": 935}, "1.0": {"precision": 0.8078149920255183, "recall": 0.6826145552560647, "f1-score": 0.7399561723886049, "support": 1484}, "accuracy": 0.7056634973129392, "macro avg": {"precision": 0.7017615732659781, "recall": 0.7124302722804388, "f1-score": 0.7004542766704929, "support": 2419}, "weighted avg": {"precision": 0.7258307451961094, "recall": 0.7056634973129392, "f1-score": 0.7094193617259883, "support": 2419}}
