{"0.0": {"precision": 0.6044642857142857, "recall": 0.7263948497854077, "f1-score": 0.6598440545808966, "support": 932}, "1.0": {"precision": 0.8036951501154734, "recall": 0.7020847343644923, "f1-score": 0.7494615936826993, "support": 1487}, "accuracy": 0.711451012815213, "macro avg": {"precision": 0.7040797179148796, "recall": 0.7142397920749499, "f1-score": 0.704652824131798, "support": 2419}, "weighted avg": {"precision": 0.7269348501477566, "recall": 0.711451012815213, "f1-score": 0.7149334636939104, "support": 2419}}
