{"0.0": {"precision": 0.601195559350982, "recall": 0.7839643652561247, "f1-score": 0.6805219913001449, "support": 898}, "1.0": {"precision": 0.844551282051282, "recall": 0.6929651545036161, "f1-score": 0.7612856626941135, "support": 1521}, "accuracy": 0.7267465894997933, "macro avg": {"precision": 0.722873420701132, "recall": 0.7384647598798704, "f1-score": 0.7209038269971292, "support": 2419}, "weighted avg": {"precision": 0.7542108773448457, "recall": 0.7267465894997933, "f1-score": 0.7313039442518714, "support": 2419}}
