{"0": {"precision": 0.20437956204379562, "recall": 0.16766467065868262, "f1-score": 0.1842105263157895, "support": 334}, "1": {"precision": 0.8200647249190939, "recall": 0.8531986531986532, "f1-score": 0.8363036303630363, "support": 1485}, "accuracy": 0.7273227047828478, "macro avg": {"precision": 0.5122221434814448, "recall": 0.510431661928668, "f1-score": 0.5102570783394129, "support": 1819}, "weighted avg": {"precision": 0.7070142332201661, "recall": 0.7273227047828478, "f1-score": 0.7165680081795397, "support": 1819}}
