{"0": {"precision": 0.2638888888888889, "recall": 0.12179487179487179, "f1-score": 0.16666666666666666, "support": 312}, "1": {"precision": 0.8364179104477611, "recall": 0.9296615792966157, "f1-score": 0.8805782526712759, "support": 1507}, "accuracy": 0.7910940076965366, "macro avg": {"precision": 0.550153399668325, "recall": 0.5257282255457437, "f1-score": 0.5236224596689713, "support": 1819}, "weighted avg": {"precision": 0.738216121153441, "recall": 0.7910940076965366, "f1-score": 0.758126127969001, "support": 1819}}
