{"0.0": {"precision": 0.5, "recall": 0.0032537960954446853, "f1-score": 0.006465517241379309, "support": 922}, "1.0": {"precision": 0.6191462909241608, "recall": 0.9979959919839679, "f1-score": 0.7641943734015345, "support": 1497}, "accuracy": 0.6188507647788343, "macro avg": {"precision": 0.5595731454620805, "recall": 0.5006248940397063, "f1-score": 0.3853299453214569, "support": 2419}, "weighted avg": {"precision": 0.5737337732589785, "recall": 0.6188507647788343, "f1-score": 0.47538659937108263, "support": 2419}}
