{"0": {"precision": 0.1918819188191882, "recall": 0.17687074829931973, "f1-score": 0.18407079646017696, "support": 294}, "1": {"precision": 0.8436692506459949, "recall": 0.8563934426229508, "f1-score": 0.8499837292547998, "support": 1525}, "accuracy": 0.7465640461792193, "macro avg": {"precision": 0.5177755847325916, "recall": 0.5166320954611353, "f1-score": 0.5170272628574883, "support": 1819}, "weighted avg": {"precision": 0.7383226450621129, "recall": 0.7465640461792193, "f1-score": 0.7423540413814523, "support": 1819}}
