{"0": {"precision": 0.0, "recall": 0.0, "f1-score": 0.0, "support": 331}, "1": {"precision": 0.8180318856514568, "recall": 1.0, "f1-score": 0.8999092833383732, "support": 1488}, "accuracy": 0.8180318856514568, "macro avg": {"precision": 0.4090159428257284, "recall": 0.5, "f1-score": 0.4499546416691866, "support": 1819}, "weighted avg": {"precision": 0.6691761659424781, "recall": 0.8180318856514568, "f1-score": 0.7361544879645405, "support": 1819}}
