{"0.0": {"precision": 0.5804749340369393, "recall": 0.734966592427617, "f1-score": 0.6486486486486487, "support": 898}, "1.0": {"precision": 0.8143525741029641, "recall": 0.6863905325443787, "f1-score": 0.7449161612557973, "support": 1521}, "accuracy": 0.7044233154195949, "macro avg": {"precision": 0.6974137540699517, "recall": 0.7106785624859978, "f1-score": 0.696782404952223, "support": 2419}, "weighted avg": {"precision": 0.7275306969722116, "recall": 0.7044233154195949, "f1-score": 0.7091789862573601, "support": 2419}}
