{"0": {"precision": 0.22151898734177214, "recall": 0.11182108626198083, "f1-score": 0.14861995753715498, "support": 313}, "1": {"precision": 0.8326309452137267, "recall": 0.9183266932270916, "f1-score": 0.8733817492895486, "support": 1506}, "accuracy": 0.7795492028587135, "macro avg": {"precision": 0.5270749662777494, "recall": 0.5150738897445362, "f1-score": 0.5110008534133518, "support": 1819}, "weighted avg": {"precision": 0.7274753416876566, "recall": 0.7795492028587135, "f1-score": 0.7486701270693731, "support": 1819}}
