{"0.0": {"precision": 0.0, "recall": 0.0, "f1-score": 0.0, "support": 886}, "1.0": {"precision": 0.6337329474989665, "recall": 1.0, "f1-score": 0.7758097165991902, "support": 1533}, "accuracy": 0.6337329474989665, "macro avg": {"precision": 0.31686647374948324, "recall": 0.5, "f1-score": 0.3879048582995951, "support": 2419}, "weighted avg": {"precision": 0.40161744874572786, "recall": 0.6337329474989665, "f1-score": 0.4916561783987427, "support": 2419}}
