{"0.0": {"precision": 0.5982683982683983, "recall": 0.7406216505894962, "f1-score": 0.6618773946360152, "support": 933}, "1.0": {"precision": 0.8085443037974683, "recall": 0.6877523553162853, "f1-score": 0.7432727272727272, "support": 1486}, "accuracy": 0.7081438610996279, "macro avg": {"precision": 0.7034063510329334, "recall": 0.7141870029528907, "f1-score": 0.7025750609543713, "support": 2419}, "weighted avg": {"precision": 0.7274416085272648, "recall": 0.7081438610996279, "f1-score": 0.711878826755963, "support": 2419}}
