{"0.0": {"precision": 0.5836985100788782, "recall": 0.7508455467869222, "f1-score": 0.6568047337278107, "support": 887}, "1.0": {"precision": 0.827073552425665, "recall": 0.6899477806788512, "f1-score": 0.7523131672597865, "support": 1532}, "accuracy": 0.7122778007441092, "macro avg": {"precision": 0.7053860312522716, "recall": 0.7203966637328867, "f1-score": 0.7045589504937986, "support": 2419}, "weighted avg": {"precision": 0.7378326832393897, "recall": 0.7122778007441092, "f1-score": 0.7172920922110628, "support": 2419}}
