{"0.0": {"precision": 0.5370722433460076, "recall": 0.6334080717488789, "f1-score": 0.5812757201646089, "support": 892}, "1.0": {"precision": 0.7607900512070227, "recall": 0.6810740013097577, "f1-score": 0.718728403593642, "support": 1527}, "accuracy": 0.6634973129392311, "macro avg": {"precision": 0.6489311472765151, "recall": 0.6572410365293183, "f1-score": 0.6500020618791255, "support": 2419}, "weighted avg": {"precision": 0.6782946875807203, "recall": 0.6634973129392311, "f1-score": 0.6680430817173718, "support": 2419}}
