{"0": {"precision": 0.21395348837209302, "recall": 0.14790996784565916, "f1-score": 0.17490494296577946, "support": 311}, "1": {"precision": 0.8347880299251871, "recall": 0.8879310344827587, "f1-score": 0.8605398457583548, "support": 1508}, "accuracy": 0.7614073666849918, "macro avg": {"precision": 0.5243707591486401, "recall": 0.517920501164209, "f1-score": 0.5177223943620671, "support": 1819}, "weighted avg": {"precision": 0.7286420472847186, "recall": 0.7614073666849918, "f1-score": 0.7433147469301575, "support": 1819}}
