{"0": {"precision": 0.25, "recall": 0.009146341463414634, "f1-score": 0.01764705882352941, "support": 328}, "1": {"precision": 0.8201438848920863, "recall": 0.993963782696177, "f1-score": 0.8987265009096422, "support": 1491}, "accuracy": 0.8163826278174822, "macro avg": {"precision": 0.5350719424460432, "recall": 0.5015550620797958, "f1-score": 0.45818677986658585, "support": 1819}, "weighted avg": {"precision": 0.7173361915195716, "recall": 0.8163826278174822, "f1-score": 0.7398512634141805, "support": 1819}}
