{"0": {"precision": 0.42857142857142855, "recall": 0.010169491525423728, "f1-score": 0.019867549668874173, "support": 295}, "1": {"precision": 0.8388520971302428, "recall": 0.9973753280839895, "f1-score": 0.9112709832134293, "support": 1524}, "accuracy": 0.8372732270478285, "macro avg": {"precision": 0.6337117628508356, "recall": 0.5037724098047066, "f1-score": 0.4655692664411517, "support": 1819}, "weighted avg": {"precision": 0.7723140007999237, "recall": 0.8372732270478285, "f1-score": 0.7667058304395734, "support": 1819}}
