{"0": {"precision": 0.23809523809523808, "recall": 0.01557632398753894, "f1-score": 0.029239766081871347, "support": 321}, "1": {"precision": 0.8242491657397107, "recall": 0.9893190921228304, "f1-score": 0.8992718446601942, "support": 1498}, "accuracy": 0.817482133040132, "macro avg": {"precision": 0.5311722019174744, "recall": 0.5024477080551847, "f1-score": 0.4642558053710328, "support": 1819}, "weighted avg": {"precision": 0.7208102373318626, "recall": 0.817482133040132, "f1-score": 0.745736771969902, "support": 1819}}
