{"0": {"precision": 0.0, "recall": 0.0, "f1-score": 0.0, "support": 304}, "1": {"precision": 0.8325991189427313, "recall": 0.998019801980198, "f1-score": 0.9078354848393876, "support": 1515}, "accuracy": 0.8312259483232546, "macro avg": {"precision": 0.41629955947136565, "recall": 0.499009900990099, "f1-score": 0.4539177424196938, "support": 1819}, "weighted avg": {"precision": 0.6934511628357548, "recall": 0.8312259483232546, "f1-score": 0.756113666592453, "support": 1819}}
