{"0": {"precision": 0.16666666666666666, "recall": 0.010067114093959731, "f1-score": 0.018987341772151896, "support": 298}, "1": {"precision": 0.8362021099389229, "recall": 0.9901380670611439, "f1-score": 0.9066827212522577, "support": 1521}, "accuracy": 0.8295766904892798, "macro avg": {"precision": 0.5014343883027947, "recall": 0.5001025905775518, "f1-score": 0.4628350315122048, "support": 1819}, "weighted avg": {"precision": 0.7265146101615, "recall": 0.8295766904892798, "f1-score": 0.7612548910790463, "support": 1819}}
