{"0.0": {"precision": 0.534181240063593, "recall": 0.7559055118110236, "f1-score": 0.6259897531439218, "support": 889}, "1.0": {"precision": 0.8130921619293713, "recall": 0.6169934640522876, "f1-score": 0.7015979189892233, "support": 1530}, "accuracy": 0.6680446465481604, "macro avg": {"precision": 0.6736367009964821, "recall": 0.6864494879316556, "f1-score": 0.6637938360665725, "support": 2419}, "weighted avg": {"precision": 0.7105903803920927, "recall": 0.6680446465481604, "f1-score": 0.6738113710617851, "support": 2419}}
