{"0.0": {"precision": 0.5939044481054365, "recall": 0.763771186440678, "f1-score": 0.6682113067655236, "support": 944}, "1.0": {"precision": 0.8149377593360996, "recall": 0.6657627118644068, "f1-score": 0.7328358208955223, "support": 1475}, "accuracy": 0.7040099214551467, "macro avg": {"precision": 0.704421103720768, "recall": 0.7147669491525424, "f1-score": 0.7005235638305229, "support": 2419}, "weighted avg": {"precision": 0.7286808573924262, "recall": 0.7040099214551467, "f1-score": 0.7076164983082057, "support": 2419}}
