{"0.0": {"precision": 0.5914529914529915, "recall": 0.7637969094922737, "f1-score": 0.6666666666666666, "support": 906}, "1.0": {"precision": 0.8286629303442754, "recall": 0.6840713813615333, "f1-score": 0.7494569152787836, "support": 1513}, "accuracy": 0.7139313766019016, "macro avg": {"precision": 0.7100579608986335, "recall": 0.7239341454269035, "f1-score": 0.7080617909727251, "support": 2419}, "weighted avg": {"precision": 0.7398195220617193, "recall": 0.7139313766019016, "f1-score": 0.7184490751619675, "support": 2419}}
