{"0.0": {"precision": 0.5931528662420382, "recall": 0.7925531914893617, "f1-score": 0.6785063752276866, "support": 940}, "1.0": {"precision": 0.8323301805674979, "recall": 0.6544962812711291, "f1-score": 0.732778198334595, "support": 1479}, "accuracy": 0.7081438610996279, "macro avg": {"precision": 0.712741523404768, "recall": 0.7235247363802454, "f1-score": 0.7056422867811408, "support": 2419}, "weighted avg": {"precision": 0.7393881898829455, "recall": 0.7081438610996279, "f1-score": 0.7116886928693226, "support": 2419}}
