{"0.0": {"precision": 0.5894378194207837, "recall": 0.7740492170022372, "f1-score": 0.6692456479690523, "support": 894}, "1.0": {"precision": 0.8377510040160643, "recall": 0.6839344262295082, "f1-score": 0.7530685920577618, "support": 1525}, "accuracy": 0.7172385283174866, "macro avg": {"precision": 0.713594411718424, "recall": 0.7289918216158726, "f1-score": 0.711157120013407, "support": 2419}, "weighted avg": {"precision": 0.7459808564227692, "recall": 0.7172385283174866, "f1-score": 0.7220897942010828, "support": 2419}}
