{"0.0": {"precision": 0.587012987012987, "recall": 0.7533333333333333, "f1-score": 0.6598540145985401, "support": 900}, "1.0": {"precision": 0.8243670886075949, "recall": 0.6859776168531929, "f1-score": 0.7488321954725117, "support": 1519}, "accuracy": 0.7110376188507648, "macro avg": {"precision": 0.7056900378102909, "recall": 0.7196554750932631, "f1-score": 0.7043431050355259, "support": 2419}, "weighted avg": {"precision": 0.7360584108749999, "recall": 0.7110376188507648, "f1-score": 0.715727456825726, "support": 2419}}
