{"0": {"precision": 0.08695652173913043, "recall": 0.006134969325153374, "f1-score": 0.01146131805157593, "support": 326}, "1": {"precision": 0.8195991091314031, "recall": 0.9859343603482921, "f1-score": 0.8951048951048951, "support": 1493}, "accuracy": 0.8103353490929082, "macro avg": {"precision": 0.4532778154352668, "recall": 0.4960346648367227, "f1-score": 0.4532831065782355, "support": 1819}, "weighted avg": {"precision": 0.6882953798901272, "recall": 0.8103353490929082, "f1-score": 0.7367388664521287, "support": 1819}}
