{"0": {"precision": 0.25, "recall": 0.016025641025641024, "f1-score": 0.03012048192771084, "support": 312}, "1": {"precision": 0.8293496386881601, "recall": 0.9900464499004645, "f1-score": 0.9026013309134906, "support": 1507}, "accuracy": 0.822979659153381, "macro avg": {"precision": 0.5396748193440801, "recall": 0.5030360454630528, "f1-score": 0.46636090642060074, "support": 1819}, "weighted avg": {"precision": 0.7299779579456059, "recall": 0.822979659153381, "f1-score": 0.7529509598944893, "support": 1819}}
