{"0.0": {"precision": 0.566579634464752, "recall": 0.6874340021119324, "f1-score": 0.6211832061068704, "support": 947}, "1.0": {"precision": 0.7669291338582677, "recall": 0.6616847826086957, "f1-score": 0.7104303428154632, "support": 1472}, "accuracy": 0.6717651922281934, "macro avg": {"precision": 0.6667543841615098, "recall": 0.674559392360314, "f1-score": 0.6658067744611669, "support": 2419}, "weighted avg": {"precision": 0.6884954935417488, "recall": 0.6717651922281934, "f1-score": 0.675491509221814, "support": 2419}}
