{"0.0": {"precision": 0.5813573180703189, "recall": 0.786504424778761, "f1-score": 0.6685472496473907, "support": 904}, "1.0": {"precision": 0.8386287625418061, "recall": 0.662046204620462, "f1-score": 0.7399483585392843, "support": 1515}, "accuracy": 0.7085572550640761, "macro avg": {"precision": 0.7099930403060625, "recall": 0.7242753146996115, "f1-score": 0.7042478040933375, "support": 2419}, "weighted avg": {"precision": 0.7424843285599025, "recall": 0.7085572550640761, "f1-score": 0.7132651826656705, "support": 2419}}
