{"0.0": {"precision": 0.5574572127139364, "recall": 0.75, "f1-score": 0.6395511921458624, "support": 912}, "1.0": {"precision": 0.8087248322147651, "recall": 0.6396814863968149, "f1-score": 0.7143386439422007, "support": 1507}, "accuracy": 0.6812732534105002, "macro avg": {"precision": 0.6830910224643507, "recall": 0.6948407431984074, "f1-score": 0.6769449180440316, "support": 2419}, "weighted avg": {"precision": 0.7139930963798102, "recall": 0.6812732534105002, "f1-score": 0.6861426306977773, "support": 2419}}
