{"0": {"precision": 0.23404255319148937, "recall": 0.18092105263157895, "f1-score": 0.20408163265306123, "support": 304}, "1": {"precision": 0.8428030303030303, "recall": 0.8811881188118812, "f1-score": 0.861568247821878, "support": 1515}, "accuracy": 0.7641561297416163, "macro avg": {"precision": 0.5384227917472598, "recall": 0.53105458572173, "f1-score": 0.5328249402374696, "support": 1819}, "weighted avg": {"precision": 0.7410640610661371, "recall": 0.7641561297416163, "f1-score": 0.7516859328074084, "support": 1819}}
