{"0": {"precision": 0.21973094170403587, "recall": 0.16065573770491803, "f1-score": 0.1856060606060606, "support": 305}, "1": {"precision": 0.8395989974937343, "recall": 0.8850726552179656, "f1-score": 0.8617363344051446, "support": 1514}, "accuracy": 0.7636063771302913, "macro avg": {"precision": 0.5296649695988851, "recall": 0.5228641964614418, "f1-score": 0.5236711975056026, "support": 1819}, "weighted avg": {"precision": 0.7356629023778146, "recall": 0.7636063771302913, "f1-score": 0.7483664974019998, "support": 1819}}
