{"0": {"precision": 0.21348314606741572, "recall": 0.20430107526881722, "f1-score": 0.2087912087912088, "support": 279}, "1": {"precision": 0.8569587628865979, "recall": 0.8636363636363636, "f1-score": 0.8602846054333764, "support": 1540}, "accuracy": 0.7625068719076415, "macro avg": {"precision": 0.5352209544770068, "recall": 0.5339687194525904, "f1-score": 0.5345379071122925, "support": 1819}, "weighted avg": {"precision": 0.7582618430995987, "recall": 0.7625068719076415, "f1-score": 0.7603579107312517, "support": 1819}}
