{"0.0": {"precision": 0.6082121471343028, "recall": 0.753177966101695, "f1-score": 0.6729768102224326, "support": 944}, "1.0": {"precision": 0.8136, "recall": 0.6894915254237288, "f1-score": 0.7464220183486238, "support": 1475}, "accuracy": 0.7143447705663497, "macro avg": {"precision": 0.7109060735671514, "recall": 0.721334745762712, "f1-score": 0.7096994142855282, "support": 2419}, "weighted avg": {"precision": 0.7334486427841181, "recall": 0.7143447705663497, "f1-score": 0.7177604737140126, "support": 2419}}
