{"0": {"precision": 0.0, "recall": 0.0, "f1-score": 0.0, "support": 288}, "1": {"precision": 0.8414096916299559, "recall": 0.9980404964075767, "f1-score": 0.9130564684792352, "support": 1531}, "accuracy": 0.840021990104453, "macro avg": {"precision": 0.42070484581497797, "recall": 0.4990202482037884, "f1-score": 0.4565282342396176, "support": 1819}, "weighted avg": {"precision": 0.7081903451816727, "recall": 0.840021990104453, "f1-score": 0.7684933772631716, "support": 1819}}
