{"0.0": {"precision": 0.47843137254901963, "recall": 0.13406593406593406, "f1-score": 0.2094420600858369, "support": 910}, "1.0": {"precision": 0.6358595194085028, "recall": 0.9118621603711067, "f1-score": 0.7492512932208004, "support": 1509}, "accuracy": 0.6192641587432823, "macro avg": {"precision": 0.5571454459787613, "recall": 0.5229640472185204, "f1-score": 0.47934667665331865, "support": 2419}, "weighted avg": {"precision": 0.5766368597796769, "recall": 0.6192641587432823, "f1-score": 0.5461812633932615, "support": 2419}}
