{"0.0": {"precision": 0.5393634840871022, "recall": 0.74364896073903, "f1-score": 0.625242718446602, "support": 866}, "1.0": {"precision": 0.8187755102040817, "recall": 0.6458467482292337, "f1-score": 0.7221022318214542, "support": 1553}, "accuracy": 0.6808598594460521, "macro avg": {"precision": 0.679069497145592, "recall": 0.6947478544841319, "f1-score": 0.6736724751340281, "support": 2419}, "weighted avg": {"precision": 0.7187462358686935, "recall": 0.6808598594460521, "f1-score": 0.6874266061155336, "support": 2419}}
