{"0.0": {"precision": 0.555375909458367, "recall": 0.7789115646258503, "f1-score": 0.6484190655969796, "support": 882}, "1.0": {"precision": 0.8350253807106599, "recall": 0.6421600520494469, "f1-score": 0.7260022066936374, "support": 1537}, "accuracy": 0.6920214964861513, "macro avg": {"precision": 0.6952006450845134, "recall": 0.7105358083376486, "f1-score": 0.6872106361453085, "support": 2419}, "weighted avg": {"precision": 0.7330614147559174, "recall": 0.6920214964861513, "f1-score": 0.6977143478894818, "support": 2419}}
