{"0": {"precision": 0.25203252032520324, "recall": 0.09657320872274143, "f1-score": 0.13963963963963963, "support": 321}, "1": {"precision": 0.8290094339622641, "recall": 0.9385847797062751, "f1-score": 0.8804007514088917, "support": 1498}, "accuracy": 0.7899945024738868, "macro avg": {"precision": 0.5405209771437337, "recall": 0.5175789942145083, "f1-score": 0.5100201955242657, "support": 1819}, "weighted avg": {"precision": 0.7271899786145475, "recall": 0.7899945024738868, "f1-score": 0.7496782022731414, "support": 1819}}
