{"0.0": {"precision": 0.5861344537815126, "recall": 0.6152149944873209, "f1-score": 0.600322754168908, "support": 907}, "1.0": {"precision": 0.7620995228357191, "recall": 0.7394179894179894, "f1-score": 0.7505874454514938, "support": 1512}, "accuracy": 0.6928482844150475, "macro avg": {"precision": 0.6741169883086159, "recall": 0.6773164919526551, "f1-score": 0.6754550998102009, "support": 2419}, "weighted avg": {"precision": 0.6961217148025791, "recall": 0.6928482844150475, "f1-score": 0.6942459510350799, "support": 2419}}
