{"0.0": {"precision": 0.5359937402190923, "recall": 0.7535753575357536, "f1-score": 0.6264288980338363, "support": 909}, "1.0": {"precision": 0.803680981595092, "recall": 0.6072847682119206, "f1-score": 0.6918144096567335, "support": 1510}, "accuracy": 0.6622571310458867, "macro avg": {"precision": 0.6698373609070922, "recall": 0.6804300628738371, "f1-score": 0.6591216538452849, "support": 2419}, "weighted avg": {"precision": 0.703090778035446, "recall": 0.6622571310458867, "f1-score": 0.667244161593396, "support": 2419}}
