{"0": {"precision": 0.5, "recall": 0.012903225806451613, "f1-score": 0.025157232704402514, "support": 310}, "1": {"precision": 0.8310325786858089, "recall": 0.9973492379058979, "f1-score": 0.9066265060240963, "support": 1509}, "accuracy": 0.8295766904892798, "macro avg": {"precision": 0.6655162893429045, "recall": 0.5051262318561748, "f1-score": 0.4658918693642494, "support": 1819}, "weighted avg": {"precision": 0.7746169110703054, "recall": 0.8295766904892798, "f1-score": 0.7564035952329445, "support": 1819}}
