{"0": {"precision": 0.0, "recall": 0.0, "f1-score": 0.0, "support": 304}, "1": {"precision": 0.8328752061572292, "recall": 1.0, "f1-score": 0.9088182363527295, "support": 1515}, "accuracy": 0.8328752061572292, "macro avg": {"precision": 0.4164376030786146, "recall": 0.5, "f1-score": 0.45440911817636476, "support": 1819}, "weighted avg": {"precision": 0.6936811090314471, "recall": 0.8328752061572292, "f1-score": 0.7569321759617291, "support": 1819}}
