{"0": {"precision": 0.0, "recall": 0.0, "f1-score": 0.0, "support": 305}, "1": {"precision": 0.8323254535459044, "recall": 1.0, "f1-score": 0.9084908490849085, "support": 1514}, "accuracy": 0.8323254535459044, "macro avg": {"precision": 0.4161627267729522, "recall": 0.5, "f1-score": 0.45424542454245426, "support": 1819}, "weighted avg": {"precision": 0.6927656606203954, "recall": 0.8323254535459044, "f1-score": 0.7561600580069002, "support": 1819}}
