{"0.0": {"precision": 0.560458958517211, "recall": 0.7008830022075055, "f1-score": 0.622854340362923, "support": 906}, "1.0": {"precision": 0.7892690513219285, "recall": 0.6708526107072043, "f1-score": 0.7252590210789568, "support": 1513}, "accuracy": 0.6821000413393964, "macro avg": {"precision": 0.6748640049195698, "recall": 0.6858678064573549, "f1-score": 0.6740566807209398, "support": 2419}, "weighted avg": {"precision": 0.703571678820451, "recall": 0.6821000413393964, "f1-score": 0.6869048909720008, "support": 2419}}
