{"0.0": {"precision": 0.5834782608695652, "recall": 0.7261904761904762, "f1-score": 0.6470588235294118, "support": 924}, "1.0": {"precision": 0.8006304176516943, "recall": 0.6795986622073579, "f1-score": 0.7351664254703328, "support": 1495}, "accuracy": 0.6973956180239769, "macro avg": {"precision": 0.6920543392606298, "recall": 0.702894569198917, "f1-score": 0.6911126244998723, "support": 2419}, "weighted avg": {"precision": 0.7176835003855979, "recall": 0.6973956180239769, "f1-score": 0.7015114340716511, "support": 2419}}
