{"0.0": {"precision": 0.5616653574234093, "recall": 0.7883131201764058, "f1-score": 0.6559633027522936, "support": 907}, "1.0": {"precision": 0.8324607329842932, "recall": 0.6309523809523809, "f1-score": 0.7178329571106095, "support": 1512}, "accuracy": 0.6899545266639107, "macro avg": {"precision": 0.6970630452038513, "recall": 0.7096327505643933, "f1-score": 0.6868981299314516, "support": 2419}, "weighted avg": {"precision": 0.730926460295694, "recall": 0.6899545266639107, "f1-score": 0.6946350337939529, "support": 2419}}
