{"0.0": {"precision": 0.5731990704879938, "recall": 0.8034744842562432, "f1-score": 0.6690777576853526, "support": 921}, "1.0": {"precision": 0.8395390070921985, "recall": 0.6321762349799733, "f1-score": 0.7212490479817213, "support": 1498}, "accuracy": 0.6973956180239769, "macro avg": {"precision": 0.7063690387900962, "recall": 0.7178253596181083, "f1-score": 0.695163402833537, "support": 2419}, "weighted avg": {"precision": 0.7381338472689358, "recall": 0.6973956180239769, "f1-score": 0.7013855678812849, "support": 2419}}
