{"0.0": {"precision": 0.5757825370675453, "recall": 0.7732300884955752, "f1-score": 0.660056657223796, "support": 904}, "1.0": {"precision": 0.8298755186721992, "recall": 0.6600660066006601, "f1-score": 0.7352941176470589, "support": 1515}, "accuracy": 0.7023563455973543, "macro avg": {"precision": 0.7028290278698723, "recall": 0.7166480475481176, "f1-score": 0.6976753874354275, "support": 2419}, "weighted avg": {"precision": 0.7349189021485915, "recall": 0.7023563455973543, "f1-score": 0.7071772659634584, "support": 2419}}
