{"0.0": {"precision": 0.5567176186645213, "recall": 0.7872582480091013, "f1-score": 0.6522148916116871, "support": 879}, "1.0": {"precision": 0.8409863945578231, "recall": 0.6422077922077922, "f1-score": 0.7282768777614138, "support": 1540}, "accuracy": 0.6949152542372882, "macro avg": {"precision": 0.6988520066111722, "recall": 0.7147330201084467, "f1-score": 0.6902458846865505, "support": 2419}, "weighted avg": {"precision": 0.7376907128669541, "recall": 0.6949152542372882, "f1-score": 0.7006379832489665, "support": 2419}}
