{"0": {"precision": 0.0, "recall": 0.0, "f1-score": 0.0, "support": 308}, "1": {"precision": 0.8306761957119296, "recall": 1.0, "f1-score": 0.9075075075075074, "support": 1511}, "accuracy": 0.8306761957119296, "macro avg": {"precision": 0.4153380978559648, "recall": 0.5, "f1-score": 0.4537537537537537, "support": 1819}, "weighted avg": {"precision": 0.690022942122444, "recall": 0.8306761957119296, "f1-score": 0.7538448839163516, "support": 1819}}
