{"0": {"precision": 0.0, "recall": 0.0, "f1-score": 0.0, "support": 296}, "1": {"precision": 0.8372732270478285, "recall": 1.0, "f1-score": 0.9114302812687014, "support": 1523}, "accuracy": 0.8372732270478285, "macro avg": {"precision": 0.41863661352391424, "recall": 0.5, "f1-score": 0.4557151406343507, "support": 1819}, "weighted avg": {"precision": 0.7010264567310845, "recall": 0.8372732270478285, "f1-score": 0.7631161728269555, "support": 1819}}
