{"0.0": {"precision": 0.5797227036395147, "recall": 0.7610921501706485, "f1-score": 0.6581406787998033, "support": 879}, "1.0": {"precision": 0.83399209486166, "recall": 0.685064935064935, "f1-score": 0.7522281639928697, "support": 1540}, "accuracy": 0.7126911947085572, "macro avg": {"precision": 0.7068573992505873, "recall": 0.7230785426177917, "f1-score": 0.7051844213963365, "support": 2419}, "weighted avg": {"precision": 0.7415973884192186, "recall": 0.7126911947085572, "f1-score": 0.718039284503533, "support": 2419}}
