{"0.0": {"precision": 0.5675909878682842, "recall": 0.7485714285714286, "f1-score": 0.645638245441104, "support": 875}, "1.0": {"precision": 0.8260869565217391, "recall": 0.6768134715025906, "f1-score": 0.7440370238519046, "support": 1544}, "accuracy": 0.7027697395618024, "macro avg": {"precision": 0.6968389721950117, "recall": 0.7126924500370095, "f1-score": 0.6948376346465044, "support": 2419}, "weighted avg": {"precision": 0.7325838674056693, "recall": 0.7027697395618024, "f1-score": 0.7084442453858233, "support": 2419}}
