{"0": {"precision": 0.0, "recall": 0.0, "f1-score": 0.0, "support": 345}, "1": {"precision": 0.8103353490929082, "recall": 1.0, "f1-score": 0.895232310962648, "support": 1474}, "accuracy": 0.8103353490929082, "macro avg": {"precision": 0.4051676745464541, "recall": 0.5, "f1-score": 0.447616155481324, "support": 1819}, "weighted avg": {"precision": 0.6566433779895253, "recall": 0.8103353490929082, "f1-score": 0.7254383872231683, "support": 1819}}
