{"0.0": {"precision": 0.5917508417508418, "recall": 0.7559139784946236, "f1-score": 0.663833805476865, "support": 930}, "1.0": {"precision": 0.8155970755483347, "recall": 0.674278038952317, "f1-score": 0.738235294117647, "support": 1489}, "accuracy": 0.7056634973129392, "macro avg": {"precision": 0.7036739586495883, "recall": 0.7150960087234703, "f1-score": 0.701034549797256, "support": 2419}, "weighted avg": {"precision": 0.7295379612731514, "recall": 0.7056634973129392, "f1-score": 0.7096311666120962, "support": 2419}}
