{"0": {"precision": 0.26666666666666666, "recall": 0.026402640264026403, "f1-score": 0.04804804804804805, "support": 303}, "1": {"precision": 0.835103409726104, "recall": 0.9854881266490765, "f1-score": 0.9040847201210287, "support": 1516}, "accuracy": 0.8257284222100055, "macro avg": {"precision": 0.5508850381963853, "recall": 0.5059453834565515, "f1-score": 0.4760663840845384, "support": 1819}, "weighted avg": {"precision": 0.7404160358135095, "recall": 0.8257284222100055, "f1-score": 0.7614903761748423, "support": 1819}}
