{"0": {"precision": 0.0, "recall": 0.0, "f1-score": 0.0, "support": 315}, "1": {"precision": 0.8268279274326553, "recall": 1.0, "f1-score": 0.9052061390309961, "support": 1504}, "accuracy": 0.8268279274326553, "macro avg": {"precision": 0.41341396371632766, "recall": 0.5, "f1-score": 0.45260306951549806, "support": 1819}, "weighted avg": {"precision": 0.6836444215825803, "recall": 0.8268279274326553, "f1-score": 0.7484497158343145, "support": 1819}}
