{"0.0": {"precision": 0.49019607843137253, "recall": 0.054884742041712405, "f1-score": 0.09871668311944719, "support": 911}, "1.0": {"precision": 0.6283987915407855, "recall": 0.9655172413793104, "f1-score": 0.7613071895424837, "support": 1508}, "accuracy": 0.6225713104588673, "macro avg": {"precision": 0.559297434986079, "recall": 0.5102009917105114, "f1-score": 0.4300119363309654, "support": 2419}, "weighted avg": {"precision": 0.5763513869758102, "recall": 0.6225713104588673, "f1-score": 0.5117743448333534, "support": 2419}}
