{"0.0": {"precision": 0.0, "recall": 0.0, "f1-score": 0.0, "support": 917}, "1.0": {"precision": 0.6207609594706369, "recall": 0.9993342210386151, "f1-score": 0.7658163265306123, "support": 1502}, "accuracy": 0.6205043406366267, "macro avg": {"precision": 0.31038047973531846, "recall": 0.49966711051930757, "f1-score": 0.38290816326530613, "support": 2419}, "weighted avg": {"precision": 0.3854414886832975, "recall": 0.6205043406366267, "f1-score": 0.47550893858990473, "support": 2419}}
