{"0.0": {"precision": 0.5655241935483871, "recall": 0.6360544217687075, "f1-score": 0.5987193169690502, "support": 882}, "1.0": {"precision": 0.775052557813595, "recall": 0.719583604424203, "f1-score": 0.7462887989203779, "support": 1537}, "accuracy": 0.6891277387350144, "macro avg": {"precision": 0.670288375680991, "recall": 0.6778190130964552, "f1-score": 0.6725040579447141, "support": 2419}, "weighted avg": {"precision": 0.6986556924634861, "recall": 0.6891277387350144, "f1-score": 0.6924829770596622, "support": 2419}}
