{"0.0": {"precision": 0.5657193605683837, "recall": 0.6954148471615721, "f1-score": 0.623898139079334, "support": 916}, "1.0": {"precision": 0.7842227378190255, "recall": 0.6746506986027944, "f1-score": 0.7253218884120172, "support": 1503}, "accuracy": 0.6825134353038446, "macro avg": {"precision": 0.6749710491937047, "recall": 0.6850327728821832, "f1-score": 0.6746100137456756, "support": 2419}, "weighted avg": {"precision": 0.7014823105509033, "recall": 0.6825134353038446, "f1-score": 0.6869158717155568, "support": 2419}}
