{"0": {"precision": 0.23417721518987342, "recall": 0.11490683229813664, "f1-score": 0.15416666666666667, "support": 322}, "1": {"precision": 0.8284166164960867, "recall": 0.9191716766867067, "f1-score": 0.8714376187460418, "support": 1497}, "accuracy": 0.776800439802089, "macro avg": {"precision": 0.53129691584298, "recall": 0.5170392544924217, "f1-score": 0.5128021427063543, "support": 1819}, "weighted avg": {"precision": 0.7232241551323699, "recall": 0.776800439802089, "f1-score": 0.7444660703295719, "support": 1819}}
