{"0.0": {"precision": 0.5635305528612997, "recall": 0.624731182795699, "f1-score": 0.5925548189699134, "support": 930}, "1.0": {"precision": 0.7485590778097982, "recall": 0.6977837474815313, "f1-score": 0.7222801529370871, "support": 1489}, "accuracy": 0.6696982224059529, "macro avg": {"precision": 0.6560448153355489, "recall": 0.6612574651386152, "f1-score": 0.6574174859535002, "support": 2419}, "weighted avg": {"precision": 0.6774236796278621, "recall": 0.6696982224059529, "f1-score": 0.6724064197459042, "support": 2419}}
