{"0.0": {"precision": 0.5844625112917796, "recall": 0.7157079646017699, "f1-score": 0.643460964694182, "support": 904}, "1.0": {"precision": 0.8041158536585366, "recall": 0.6963696369636964, "f1-score": 0.7463742483197735, "support": 1515}, "accuracy": 0.7035965274906987, "macro avg": {"precision": 0.694289182475158, "recall": 0.7060388007827332, "f1-score": 0.6949176065069778, "support": 2419}, "weighted avg": {"precision": 0.7220296107897692, "recall": 0.7035965274906987, "f1-score": 0.7079147161174029, "support": 2419}}
