{"0.0": {"precision": 0.5848724714160071, "recall": 0.7291666666666666, "f1-score": 0.6490971205466081, "support": 912}, "1.0": {"precision": 0.8073322932917316, "recall": 0.6867949568679496, "f1-score": 0.742201505916099, "support": 1507}, "accuracy": 0.7027697395618024, "macro avg": {"precision": 0.6961023823538693, "recall": 0.7079808117673081, "f1-score": 0.6956493132313535, "support": 2419}, "weighted avg": {"precision": 0.7234615377933187, "recall": 0.7027697395618024, "f1-score": 0.7070997285465348, "support": 2419}}
