{"0.0": {"precision": 0.5586264656616415, "recall": 0.7460850111856824, "f1-score": 0.6388888888888888, "support": 894}, "1.0": {"precision": 0.8146938775510204, "recall": 0.6544262295081967, "f1-score": 0.7258181818181817, "support": 1525}, "accuracy": 0.6883009508061182, "macro avg": {"precision": 0.686660171606331, "recall": 0.7002556203469396, "f1-score": 0.6823535353535353, "support": 2419}, "weighted avg": {"precision": 0.7200579675761941, "recall": 0.6883009508061182, "f1-score": 0.6936913575607251, "support": 2419}}
