{"0.0": {"precision": 0.533271719038817, "recall": 0.663981588032221, "f1-score": 0.5914915427985649, "support": 869}, "1.0": {"precision": 0.7816005983545251, "recall": 0.6741935483870968, "f1-score": 0.7239348804987876, "support": 1550}, "accuracy": 0.6705250103348491, "macro avg": {"precision": 0.657436158696671, "recall": 0.6690875682096589, "f1-score": 0.6577132116486762, "support": 2419}, "weighted avg": {"precision": 0.6923910918950996, "recall": 0.6705250103348491, "f1-score": 0.6763560212753508, "support": 2419}}
