{"0.0": {"precision": 0.5760135135135135, "recall": 0.754424778761062, "f1-score": 0.653256704980843, "support": 904}, "1.0": {"precision": 0.8202429149797571, "recall": 0.6686468646864686, "f1-score": 0.7367272727272728, "support": 1515}, "accuracy": 0.7007027697395618, "macro avg": {"precision": 0.6981282142466353, "recall": 0.7115358217237653, "f1-score": 0.6949919888540579, "support": 2419}, "weighted avg": {"precision": 0.7289723986814998, "recall": 0.7007027697395618, "f1-score": 0.7055336417877223, "support": 2419}}
