{"0.0": {"precision": 0.580607476635514, "recall": 0.5338345864661654, "f1-score": 0.5562395075545608, "support": 931}, "1.0": {"precision": 0.7223288547664747, "recall": 0.758736559139785, "f1-score": 0.7400852179613242, "support": 1488}, "accuracy": 0.6721785861926416, "macro avg": {"precision": 0.6514681657009944, "recall": 0.6462855728029753, "f1-score": 0.6481623627579425, "support": 2419}, "weighted avg": {"precision": 0.6677845790161959, "recall": 0.6721785861926416, "f1-score": 0.6693285596774479, "support": 2419}}
