{"0": {"precision": 0.0, "recall": 0.0, "f1-score": 0.0, "support": 301}, "1": {"precision": 0.834524463991204, "recall": 1.0, "f1-score": 0.9097992208570572, "support": 1518}, "accuracy": 0.834524463991204, "macro avg": {"precision": 0.417262231995602, "recall": 0.5, "f1-score": 0.4548996104285286, "support": 1819}, "weighted avg": {"precision": 0.6964310809998062, "recall": 0.834524463991204, "f1-score": 0.7592497071253506, "support": 1819}}
