{"0.0": {"precision": 0.5925597874224978, "recall": 0.7101910828025477, "f1-score": 0.6460647030420088, "support": 942}, "1.0": {"precision": 0.7883720930232558, "recall": 0.6885578876100203, "f1-score": 0.7350921575713771, "support": 1477}, "accuracy": 0.6969822240595287, "macro avg": {"precision": 0.6904659402228768, "recall": 0.699374485206284, "f1-score": 0.690578430306693, "support": 2419}, "weighted avg": {"precision": 0.7121194299906333, "recall": 0.6969822240595287, "f1-score": 0.7004233431163688, "support": 2419}}
