{"0": {"precision": 0.0, "recall": 0.0, "f1-score": 0.0, "support": 330}, "1": {"precision": 0.8185816382627817, "recall": 1.0, "f1-score": 0.900241837968561, "support": 1489}, "accuracy": 0.8185816382627817, "macro avg": {"precision": 0.40929081913139087, "recall": 0.5, "f1-score": 0.4501209189842805, "support": 1819}, "weighted avg": {"precision": 0.6700758985009797, "recall": 0.8185816382627817, "f1-score": 0.7369214385570024, "support": 1819}}
