{"0.0": {"precision": 0.58078231292517, "recall": 0.7375809935205183, "f1-score": 0.6498572787821122, "support": 926}, "1.0": {"precision": 0.8045052292839904, "recall": 0.6697923643670463, "f1-score": 0.7309941520467836, "support": 1493}, "accuracy": 0.6957420421661844, "macro avg": {"precision": 0.6926437711045802, "recall": 0.7036866789437823, "f1-score": 0.690425715414448, "support": 2419}, "weighted avg": {"precision": 0.7188634679990513, "recall": 0.6957420421661844, "f1-score": 0.6999347288789102, "support": 2419}}
