{"0": {"precision": 0.125, "recall": 0.006329113924050633, "f1-score": 0.012048192771084336, "support": 316}, "1": {"precision": 0.8258458125346645, "recall": 0.9906852960745176, "f1-score": 0.9007864488808228, "support": 1503}, "accuracy": 0.8196811434854315, "macro avg": {"precision": 0.47542290626733225, "recall": 0.49850720499928414, "f1-score": 0.4564173208259536, "support": 1819}, "weighted avg": {"precision": 0.7040935988123149, "recall": 0.8196811434854315, "f1-score": 0.7463932169233312, "support": 1819}}
