{"0.0": {"precision": 0.6012163336229366, "recall": 0.7416934619506966, "f1-score": 0.6641074856046065, "support": 933}, "1.0": {"precision": 0.8099369085173501, "recall": 0.6911170928667564, "f1-score": 0.7458242556281772, "support": 1486}, "accuracy": 0.7106242248863167, "macro avg": {"precision": 0.7055766210701433, "recall": 0.7164052774087265, "f1-score": 0.7049658706163919, "support": 2419}, "weighted avg": {"precision": 0.72943409893633, "recall": 0.7106242248863167, "f1-score": 0.7143063778142081, "support": 2419}}
