{"0.0": {"precision": 0.5925925925925926, "recall": 0.6012526096033403, "f1-score": 0.5968911917098445, "support": 958}, "1.0": {"precision": 0.7360055286800277, "recall": 0.728952772073922, "f1-score": 0.7324621733149932, "support": 1461}, "accuracy": 0.6783794956593634, "macro avg": {"precision": 0.6642990606363102, "recall": 0.665102690838631, "f1-score": 0.6646766825124188, "support": 2419}, "weighted avg": {"precision": 0.679209500250196, "recall": 0.6783794956593634, "f1-score": 0.6787718052382125, "support": 2419}}
