{"0.0": {"precision": 0.4268774703557312, "recall": 0.6849894291754757, "f1-score": 0.525974025974026, "support": 946}, "1.0": {"precision": 0.6692563817980022, "recall": 0.4093686354378819, "f1-score": 0.5080033698399326, "support": 1473}, "accuracy": 0.5171558495245969, "macro avg": {"precision": 0.5480669260768667, "recall": 0.5471790323066787, "f1-score": 0.5169886979069793, "support": 2419}, "weighted avg": {"precision": 0.5744690935696481, "recall": 0.5171558495245969, "f1-score": 0.515031166740657, "support": 2419}}
