{"0.0": {"precision": 0.5820642978003384, "recall": 0.7678571428571429, "f1-score": 0.6621751684311838, "support": 896}, "1.0": {"precision": 0.8318512530315278, "recall": 0.6756401838476691, "f1-score": 0.7456521739130435, "support": 1523}, "accuracy": 0.7097974369574204, "macro avg": {"precision": 0.7069577754159331, "recall": 0.721748663352406, "f1-score": 0.7039136711721137, "support": 2419}, "weighted avg": {"precision": 0.7393299169888881, "recall": 0.7097974369574204, "f1-score": 0.7147322082612262, "support": 2419}}
