{"0": {"precision": 0.22981366459627328, "recall": 0.11708860759493671, "f1-score": 0.1551362683438155, "support": 316}, "1": {"precision": 0.8317249698431846, "recall": 0.9174983366600133, "f1-score": 0.8725086997785512, "support": 1503}, "accuracy": 0.7784496976360638, "macro avg": {"precision": 0.530769317219729, "recall": 0.517293472127475, "f1-score": 0.5138224840611834, "support": 1819}, "weighted avg": {"precision": 0.7271598393000158, "recall": 0.7784496976360638, "f1-score": 0.7478854516568488, "support": 1819}}
