{"0": {"precision": 0.25, "recall": 0.02, "f1-score": 0.037037037037037035, "support": 300}, "1": {"precision": 0.8362116991643455, "recall": 0.9881500987491771, "f1-score": 0.9058539529269766, "support": 1519}, "accuracy": 0.8284771852666301, "macro avg": {"precision": 0.5431058495821728, "recall": 0.5040750493745886, "f1-score": 0.47144549498200683, "support": 1819}, "weighted avg": {"precision": 0.7395302754429032, "recall": 0.8284771852666301, "f1-score": 0.7625636424448534, "support": 1819}}
