{"0.0": {"precision": 0.5737991266375546, "recall": 0.7087378640776699, "f1-score": 0.6341698841698843, "support": 927}, "1.0": {"precision": 0.7880690737833596, "recall": 0.6729222520107239, "f1-score": 0.7259580621836588, "support": 1492}, "accuracy": 0.6866473749483257, "macro avg": {"precision": 0.6809341002104571, "recall": 0.6908300580441968, "f1-score": 0.6800639731767715, "support": 2419}, "weighted avg": {"precision": 0.7059573577832928, "recall": 0.6866473749483257, "f1-score": 0.6907833449373714, "support": 2419}}
