{"0.0": {"precision": 0.45722713864306785, "recall": 0.1751412429378531, "f1-score": 0.25326797385620914, "support": 885}, "1.0": {"precision": 0.6490384615384616, "recall": 0.8800521512385919, "f1-score": 0.7470946319867183, "support": 1534}, "accuracy": 0.6221579164944192, "macro avg": {"precision": 0.5531328000907647, "recall": 0.5275966970882225, "f1-score": 0.5001813029214637, "support": 2419}, "weighted avg": {"precision": 0.5788635873084395, "recall": 0.6221579164944192, "f1-score": 0.5664263424267759, "support": 2419}}
