{"0.0": {"precision": 0.5643564356435643, "recall": 0.6771058315334774, "f1-score": 0.6156111929307806, "support": 926}, "1.0": {"precision": 0.7714067278287462, "recall": 0.6758204956463496, "f1-score": 0.7204569796501249, "support": 1493}, "accuracy": 0.6763125258371228, "macro avg": {"precision": 0.6678815817361552, "recall": 0.6764631635899134, "f1-score": 0.6680340862904528, "support": 2419}, "weighted avg": {"precision": 0.692147293945539, "recall": 0.6763125258371228, "f1-score": 0.680321717764175, "support": 2419}}
