{"0.0": {"precision": 0.5663716814159292, "recall": 0.07322654462242563, "f1-score": 0.12968591691995948, "support": 874}, "1.0": {"precision": 0.6487424111014745, "recall": 0.968284789644013, "f1-score": 0.7769410542716177, "support": 1545}, "accuracy": 0.6448945845390658, "macro avg": {"precision": 0.6075570462587019, "recall": 0.5207556671332193, "f1-score": 0.4533134855957886, "support": 2419}, "weighted avg": {"precision": 0.6189813454771808, "recall": 0.6448945845390658, "f1-score": 0.5430836793045449, "support": 2419}}
