{"0.0": {"precision": 0.5339087546239211, "recall": 0.49372862029646525, "f1-score": 0.5130331753554502, "support": 877}, "1.0": {"precision": 0.7238805970149254, "recall": 0.754863813229572, "f1-score": 0.7390476190476191, "support": 1542}, "accuracy": 0.6601901612236462, "macro avg": {"precision": 0.6288946758194232, "recall": 0.6242962167630186, "f1-score": 0.6260403972015347, "support": 2419}, "weighted avg": {"precision": 0.6550069691617171, "recall": 0.6601901612236462, "f1-score": 0.6571068719959315, "support": 2419}}
