{"0": {"precision": 0.22131147540983606, "recall": 0.08411214953271028, "f1-score": 0.1218961625282167, "support": 321}, "1": {"precision": 0.8267530936947555, "recall": 0.9365821094793058, "f1-score": 0.878247261345853, "support": 1498}, "accuracy": 0.7861462341946124, "macro avg": {"precision": 0.5240322845522958, "recall": 0.510347129506008, "f1-score": 0.5000717119370348, "support": 1819}, "weighted avg": {"precision": 0.7199104551738873, "recall": 0.7861462341946124, "f1-score": 0.7447735380250937, "support": 1819}}
