{"0.0": {"precision": 0.5502692998204668, "recall": 0.7127906976744186, "f1-score": 0.6210739614994933, "support": 860}, "1.0": {"precision": 0.810727969348659, "recall": 0.6786401539448365, "f1-score": 0.7388268156424581, "support": 1559}, "accuracy": 0.6907813145928069, "macro avg": {"precision": 0.680498634584563, "recall": 0.6957154258096275, "f1-score": 0.6799503885709757, "support": 2419}, "weighted avg": {"precision": 0.718130013253477, "recall": 0.6907813145928069, "f1-score": 0.6969634611311105, "support": 2419}}
