{"0.0": {"precision": 0.5853440571939231, "recall": 0.7245575221238938, "f1-score": 0.64755313890262, "support": 904}, "1.0": {"precision": 0.8084615384615385, "recall": 0.6937293729372938, "f1-score": 0.7467140319715809, "support": 1515}, "accuracy": 0.7052501033484911, "macro avg": {"precision": 0.6969027978277308, "recall": 0.7091434475305938, "f1-score": 0.6971335854371005, "support": 2419}, "weighted avg": {"precision": 0.7250807186740542, "recall": 0.7052501033484911, "f1-score": 0.7096567986791705, "support": 2419}}
