{"0.0": {"precision": 0.5805604203152365, "recall": 0.7457817772778402, "f1-score": 0.6528803545051699, "support": 889}, "1.0": {"precision": 0.8230227094753328, "recall": 0.6869281045751634, "f1-score": 0.7488421802636266, "support": 1530}, "accuracy": 0.7085572550640761, "macro avg": {"precision": 0.7017915648952846, "recall": 0.7163549409265018, "f1-score": 0.7008612673843982, "support": 2419}, "weighted avg": {"precision": 0.7339160641411759, "recall": 0.7085572550640761, "f1-score": 0.713575515071701, "support": 2419}}
