{"0": {"precision": 0.21739130434782608, "recall": 0.01607717041800643, "f1-score": 0.02994011976047904, "support": 311}, "1": {"precision": 0.8296213808463252, "recall": 0.9880636604774535, "f1-score": 0.9019370460048426, "support": 1508}, "accuracy": 0.8218801539307312, "macro avg": {"precision": 0.5235063425970756, "recall": 0.50207041544773, "f1-score": 0.4659385828826608, "support": 1819}, "weighted avg": {"precision": 0.724946529944163, "recall": 0.8218801539307312, "f1-score": 0.7528490613638327, "support": 1819}}
