{"0.0": {"precision": 0.5709651257096513, "recall": 0.7710843373493976, "f1-score": 0.6561043802423113, "support": 913}, "1.0": {"precision": 0.8237774030354131, "recall": 0.648738379814077, "f1-score": 0.725854383358098, "support": 1506}, "accuracy": 0.6949152542372882, "macro avg": {"precision": 0.6973712643725323, "recall": 0.7099113585817374, "f1-score": 0.6909793818002047, "support": 2419}, "weighted avg": {"precision": 0.7283587965044415, "recall": 0.6949152542372882, "f1-score": 0.6995287310866167, "support": 2419}}
