{"0.0": {"precision": 0.5807590467784642, "recall": 0.731924360400445, "f1-score": 0.6476377952755906, "support": 899}, "1.0": {"precision": 0.812597200622084, "recall": 0.6875, "f1-score": 0.744832501781896, "support": 1520}, "accuracy": 0.7040099214551467, "macro avg": {"precision": 0.6966781237002742, "recall": 0.7097121802002224, "f1-score": 0.6962351485287432, "support": 2419}, "weighted avg": {"precision": 0.7264365969406396, "recall": 0.7040099214551467, "f1-score": 0.7087109469455304, "support": 2419}}
