{"0.0": {"precision": 0.5654923215898826, "recall": 0.673842841765339, "f1-score": 0.6149312377210215, "support": 929}, "1.0": {"precision": 0.7690548780487805, "recall": 0.6771812080536913, "f1-score": 0.7201998572448252, "support": 1490}, "accuracy": 0.6758991318726747, "macro avg": {"precision": 0.6672735998193315, "recall": 0.6755120249095152, "f1-score": 0.6675655474829234, "support": 2419}, "weighted avg": {"precision": 0.690878104609212, "recall": 0.6758991318726747, "f1-score": 0.679772181536841, "support": 2419}}
