{"0.0": {"precision": 0.5562130177514792, "recall": 0.7262693156732892, "f1-score": 0.6299664911440881, "support": 906}, "1.0": {"precision": 0.7993527508090615, "recall": 0.6530072703238599, "f1-score": 0.7188068388504911, "support": 1513}, "accuracy": 0.6804464654816039, "macro avg": {"precision": 0.6777828842802704, "recall": 0.6896382929985745, "f1-score": 0.6743866649972896, "support": 2419}, "weighted avg": {"precision": 0.7082884274729021, "recall": 0.6804464654816039, "f1-score": 0.6855330252820739, "support": 2419}}
