{"0": {"precision": 0.0, "recall": 0.0, "f1-score": 0.0, "support": 309}, "1": {"precision": 0.8301264431006047, "recall": 1.0, "f1-score": 0.907179333133073, "support": 1510}, "accuracy": 0.8301264431006047, "macro avg": {"precision": 0.41506322155030234, "recall": 0.5, "f1-score": 0.4535896665665365, "support": 1819}, "weighted avg": {"precision": 0.6891099115348615, "recall": 0.8301264431006047, "f1-score": 0.7530735530681364, "support": 1819}}
