{"0": {"precision": 0.0, "recall": 0.0, "f1-score": 0.0, "support": 305}, "1": {"precision": 0.8321408915795266, "recall": 0.9986789960369881, "f1-score": 0.9078354848393876, "support": 1514}, "accuracy": 0.8312259483232546, "macro avg": {"precision": 0.4160704457897633, "recall": 0.49933949801849403, "f1-score": 0.4539177424196938, "support": 1819}, "weighted avg": {"precision": 0.6926120449980228, "recall": 0.8312259483232546, "f1-score": 0.7556145816640092, "support": 1819}}
