{"0": {"precision": 0.0, "recall": 0.0, "f1-score": 0.0, "support": 299}, "1": {"precision": 0.8356239692138537, "recall": 1.0, "f1-score": 0.9104522312069482, "support": 1520}, "accuracy": 0.8356239692138537, "macro avg": {"precision": 0.41781198460692687, "recall": 0.5, "f1-score": 0.4552261156034741, "support": 1819}, "weighted avg": {"precision": 0.6982674179247156, "recall": 0.8356239692138537, "f1-score": 0.7607957072207594, "support": 1819}}
