{"0.0": {"precision": 0.0, "recall": 0.0, "f1-score": 0.0, "support": 901}, "1.0": {"precision": 0.6275320380322448, "recall": 1.0, "f1-score": 0.7711455422910846, "support": 1518}, "accuracy": 0.6275320380322448, "macro avg": {"precision": 0.3137660190161224, "recall": 0.5, "f1-score": 0.3855727711455423, "support": 2419}, "weighted avg": {"precision": 0.39379645875690267, "recall": 0.6275320380322448, "f1-score": 0.48391853377340494, "support": 2419}}
