{"0.0": {"precision": 0.5537509667440061, "recall": 0.7946725860155383, "f1-score": 0.6526891522333637, "support": 901}, "1.0": {"precision": 0.8357015985790408, "recall": 0.6198945981554678, "f1-score": 0.7118003025718608, "support": 1518}, "accuracy": 0.6849937990905333, "macro avg": {"precision": 0.6947262826615235, "recall": 0.707283592085503, "f1-score": 0.6822447274026122, "support": 2419}, "weighted avg": {"precision": 0.7306840213639245, "recall": 0.6849937990905333, "f1-score": 0.6897832928757113, "support": 2419}}
