{"0.0": {"precision": 0.4241719930273097, "recall": 0.7934782608695652, "f1-score": 0.5528209011737978, "support": 920}, "1.0": {"precision": 0.7277936962750716, "recall": 0.3388925950633756, "f1-score": 0.46244879380974063, "support": 1499}, "accuracy": 0.5117817279867714, "macro avg": {"precision": 0.5759828446511907, "recall": 0.5661854279664704, "f1-score": 0.5076348474917692, "support": 2419}, "weighted avg": {"precision": 0.6123195470448355, "recall": 0.5117817279867714, "f1-score": 0.49681933484939855, "support": 2419}}
