{"0.0": {"precision": 0.5622202327663384, "recall": 0.6833514689880305, "f1-score": 0.6168958742632613, "support": 919}, "1.0": {"precision": 0.7764976958525346, "recall": 0.674, "f1-score": 0.721627408993576, "support": 1500}, "accuracy": 0.6775527077304672, "macro avg": {"precision": 0.6693589643094364, "recall": 0.6786757344940153, "f1-score": 0.6692616416284187, "support": 2419}, "weighted avg": {"precision": 0.6950917477019707, "recall": 0.6775527077304672, "f1-score": 0.6818389507806123, "support": 2419}}
