{"0.0": {"precision": 0.5797872340425532, "recall": 0.7258601553829079, "f1-score": 0.6446525381961556, "support": 901}, "1.0": {"precision": 0.8086754453911696, "recall": 0.6877470355731226, "f1-score": 0.7433250266998931, "support": 1518}, "accuracy": 0.7019429516329062, "macro avg": {"precision": 0.6942313397168614, "recall": 0.7068035954780152, "f1-score": 0.6939887824480244, "support": 2419}, "weighted avg": {"precision": 0.7234219197917057, "recall": 0.7019429516329062, "f1-score": 0.7065726860046192, "support": 2419}}
