{"0.0": {"precision": 0.5549227013832384, "recall": 0.7628635346756152, "f1-score": 0.6424870466321243, "support": 894}, "1.0": {"precision": 0.8218487394957983, "recall": 0.641311475409836, "f1-score": 0.7204419889502761, "support": 1525}, "accuracy": 0.6862339809838777, "macro avg": {"precision": 0.6883857204395183, "recall": 0.7020875050427255, "f1-score": 0.6814645177912002, "support": 2419}, "weighted avg": {"precision": 0.7231997613756542, "recall": 0.6862339809838777, "f1-score": 0.6916318531782928, "support": 2419}}
