{"0.0": {"precision": 0.5944350758853288, "recall": 0.7476139978791092, "f1-score": 0.6622827618600282, "support": 943}, "1.0": {"precision": 0.8069748580697486, "recall": 0.674119241192412, "f1-score": 0.7345884090070138, "support": 1476}, "accuracy": 0.7027697395618024, "macro avg": {"precision": 0.7007049669775387, "recall": 0.7108666195357606, "f1-score": 0.698435585433521, "support": 2419}, "weighted avg": {"precision": 0.7241203667097206, "recall": 0.7027697395618024, "f1-score": 0.706401461814121, "support": 2419}}
