{"0.0": {"precision": 0.5781786941580757, "recall": 0.7452934662236987, "f1-score": 0.6511852926947268, "support": 903}, "1.0": {"precision": 0.8167330677290837, "recall": 0.6761213720316622, "f1-score": 0.7398051245037893, "support": 1516}, "accuracy": 0.7019429516329062, "macro avg": {"precision": 0.6974558809435797, "recall": 0.7107074191276805, "f1-score": 0.6954952085992581, "support": 2419}, "weighted avg": {"precision": 0.7276819725101419, "recall": 0.7019429516329062, "f1-score": 0.7067238065527419, "support": 2419}}
