{"0.0": {"precision": 0.5835370823145885, "recall": 0.7690655209452202, "f1-score": 0.6635773864689527, "support": 931}, "1.0": {"precision": 0.8196308724832215, "recall": 0.6565860215053764, "f1-score": 0.7291044776119404, "support": 1488}, "accuracy": 0.6998759818106656, "macro avg": {"precision": 0.701583977398905, "recall": 0.7128257712252983, "f1-score": 0.6963409320404466, "support": 2419}, "weighted avg": {"precision": 0.7287655071888861, "recall": 0.6998759818106656, "f1-score": 0.7038850804006459, "support": 2419}}
